#
# A fatal error has been detected by the Java Runtime Environment:
#
#  EXCEPTION_ACCESS_VIOLATION (0xc0000005) at pc=0x00007ffe5896b0e6, pid=5216, tid=5332
#
# JRE version: Java(TM) SE Runtime Environment (22.0.2+9) (build 22.0.2+9-70)
# Java VM: Java HotSpot(TM) 64-Bit Server VM (22.0.2+9-70, mixed mode, sharing, tiered, compressed oops, compressed class ptrs, g1 gc, windows-amd64)
# Problematic frame:
# C  [awt.dll+0xdb0e6]
#
# No core dump will be written. Minidumps are not enabled by default on client versions of Windows
#
# If you would like to submit a bug report, please visit:
#   https://bugreport.java.com/bugreport/crash.jsp
# The crash happened outside the Java Virtual Machine in native code.
# See problematic frame for where to report the bug.
#

---------------  S U M M A R Y ------------

Command Line: target\order-matching-engine-1.0.0.jar

Host: 12th Gen Intel(R) Core(TM) i5-1235U, 12 cores, 11G,  Windows 11 , 64 bit Build 26100 (10.0.26100.8875)
Time: Tue Jul 28 00:24:27 2026 India Standard Time elapsed time: 797.677897 seconds (0d 0h 13m 17s)

---------------  T H R E A D  ---------------

Current thread (0x00000280c5438a30):  JavaThread "AWT-EventQueue-0"        [_thread_in_native, id=5332, stack(0x000000a6ccb00000,0x000000a6ccc00000) (1024K)]

Stack: [0x000000a6ccb00000,0x000000a6ccc00000],  sp=0x000000a6ccbfeb70,  free space=1018k
Native frames: (J=compiled Java code, j=interpreted, Vv=VM code, C=native code)
C  [awt.dll+0xdb0e6]  (no source info available)
C  [awt.dll+0xdc922]  (no source info available)
C  0x00000280e928cfc7  (no source info available)

The last pc belongs to native method entry point (kind = native) (printed below).
Java frames: (J=compiled Java code, j=interpreted, Vv=VM code)
j  sun.awt.Win32GraphicsDevice.initNativeScale(I)V+0 java.desktop@22.0.2
j  sun.awt.Win32GraphicsDevice.initScaleFactors()V+60 java.desktop@22.0.2
j  sun.awt.Win32GraphicsDevice.displayChanged()V+16 java.desktop@22.0.2
j  sun.awt.Win32GraphicsEnvironment.displayChanged()V+271 java.desktop@22.0.2
j  sun.awt.windows.WToolkit.lambda$displayChanged$4()V+15 java.desktop@22.0.2
j  sun.awt.windows.WToolkit$$Lambda+0x000002808113b4c0.run()V+0 java.desktop@22.0.2
J 2447 c2 java.awt.EventQueue.dispatchEvent(Ljava/awt/AWTEvent;)V java.desktop@22.0.2 (80 bytes) @ 0x00000280e98ed1b8 [0x00000280e98ec6c0+0x0000000000000af8]
J 2558 c2 java.awt.EventDispatchThread.pumpOneEventForFilters(I)V java.desktop@22.0.2 (106 bytes) @ 0x00000280e9909e6c [0x00000280e9909a60+0x000000000000040c]
j  java.awt.EventDispatchThread.pumpEventsForFilter(ILjava/awt/Conditional;Ljava/awt/EventFilter;)V+35 java.desktop@22.0.2
j  java.awt.EventDispatchThread.pumpEventsForHierarchy(ILjava/awt/Conditional;Ljava/awt/Component;)V+11 java.desktop@22.0.2
j  java.awt.EventDispatchThread.pumpEvents(ILjava/awt/Conditional;)V+4 java.desktop@22.0.2
j  java.awt.EventDispatchThread.pumpEvents(Ljava/awt/Conditional;)V+3 java.desktop@22.0.2
j  java.awt.EventDispatchThread.run()V+9 java.desktop@22.0.2
v  ~StubRoutines::call_stub 0x00000280e928100d

siginfo: EXCEPTION_ACCESS_VIOLATION (0xc0000005), reading address 0x00006f54656e69bc


Registers:
RAX=0x00006f54656e696c, RBX=0x00000280c7b09200, RCX=0x00006f54656e696c, RDX=0x0000000000000000
RSP=0x000000a6ccbfeb70, RBP=0x000000a6ccbfec50, RSI=0x0000000000000001, RDI=0x0000000000000000
R8 =0x0000000000000001, R9 =0x000000a6cb13d000, R10=0x00000280e928cf98, R11=0x0000000000000100
R12=0x0000000000000000, R13=0x00000280c128a3d0, R14=0x000000a6ccbfec78, R15=0x00000280c5438a30
RIP=0x00007ffe5896b0e6, EFLAGS=0x0000000000010202


Register to memory mapping:

RAX=0x00006f54656e696c is an unknown value
RBX=0x00000280c7b09200 points into unknown readable memory: 0x00000280c79d4ce0 | e0 4c 9d c7 80 02 00 00
RCX=0x00006f54656e696c is an unknown value
RDX=0x0 is null
RSP=0x000000a6ccbfeb70 is pointing into the stack for thread: 0x00000280c5438a30
RBP=0x000000a6ccbfec50 is pointing into the stack for thread: 0x00000280c5438a30
RSI=0x0000000000000001 is an unknown value
RDI=0x0 is null
R8 =0x0000000000000001 is an unknown value
R9 =0x000000a6cb13d000 points into unknown readable memory: 0x0000000000000000 | 00 00 00 00 00 00 00 00
R10=0x00000280e928cf98 is at code_begin+1016 in an Interpreter codelet
native method entry point (kind = native)  [0x00000280e928cba0, 0x00000280e928d6c0]  2848 bytes
R11=0x0000000000000100 is an unknown value
R12=0x0 is null
R13={method} {0x00000280c128a3d8} 'initNativeScale' '(I)V' in 'sun/awt/Win32GraphicsDevice'
R14=0x000000a6ccbfec78 is pointing into the stack for thread: 0x00000280c5438a30
R15=0x00000280c5438a30 is a thread

Top of Stack: (sp=0x000000a6ccbfeb70)
0x000000a6ccbfeb70:   00000280c7b09200 00007ffe3fdd4f7c
0x000000a6ccbfeb80:   00000280d7728950 00000280c7b09200
0x000000a6ccbfeb90:   00000280c7b09200 00007ffe5896c922
0x000000a6ccbfeba0:   00007ffe589c9848 00000280c128a3d0
0x000000a6ccbfebb0:   000000a6ccbfec60 00000280d9abac90
0x000000a6ccbfebc0:   00000280e9288a5a 00000280e928cfc7
0x000000a6ccbfebd0:   00000280c128a3d0 000000a6ccbfed40
0x000000a6ccbfebe0:   00000280c5438a30 00000280e9288a5a
0x000000a6ccbfebf0:   0000000000000001 00007ffe402473d9
0x000000a6ccbfec00:   000000a6ccbfed40 fffffffffffffff7
0x000000a6ccbfec10:   0000000000000000 0000000000000005
0x000000a6ccbfec20:   00000280c128da98 0000000000000000
0x000000a6ccbfec30:   000000074eeebe88 00000280c128a3d0
0x000000a6ccbfec40:   0000000000000000 000000a6ccbfec70
0x000000a6ccbfec50:   000000a6ccbfecc8 00000280e92888c0
0x000000a6ccbfec60:   0000000000000000 00000280e928a517
0x000000a6ccbfec70:   0000000000000000 000000074f133068
0x000000a6ccbfec80:   fffffffffffffff7 00000280c128aa24
0x000000a6ccbfec90:   0000000000000002 00000280c128da98
0x000000a6ccbfeca0:   0000000000000000 000000074eeebe88
0x000000a6ccbfecb0:   00000280c128aa70 fffffffffffffff5
0x000000a6ccbfecc0:   000000a6ccbfecd8 000000a6ccbfed28
0x000000a6ccbfecd0:   00000280e92888c0 000000074f133068
0x000000a6ccbfece0:   fffffffffffffff7 00000280c128c2e8
0x000000a6ccbfecf0:   0000000000000003 00000280c128da98
0x000000a6ccbfed00:   0000000000000000 000000074eeebe88
0x000000a6ccbfed10:   00000280c128c330 fffffffffffffff6
0x000000a6ccbfed20:   000000a6ccbfed40 000000a6ccbfed90
0x000000a6ccbfed30:   00000280e92888c0 0000000000000000
0x000000a6ccbfed40:   000000074f133068 fffffffffffffff7
0x000000a6ccbfed50:   00000280c127bda7 0000000000000008
0x000000a6ccbfed60:   00000280c127fd88 0000000000000000 

Instructions: (pc=0x00007ffe5896b0e6)
0x00007ffe5896afe6:   11 45 d4 0f 11 45 e4 0f 11 45 f4 89 45 04 c7 45
0x00007ffe5896aff6:   a0 68 00 00 00 0f 11 44 24 34 0f 11 44 24 44 0f
0x00007ffe5896b006:   11 44 24 54 0f 11 44 24 64 0f 11 44 24 74 0f 11
0x00007ffe5896b016:   45 84 89 45 94 c7 44 24 30 68 00 00 00 48 8d 55
0x00007ffe5896b026:   a0 49 8b ce ff 15 98 7d 06 00 85 c0 74 41 48 8d
0x00007ffe5896b036:   54 24 30 48 8b ce ff 15 86 7d 06 00 85 c0 74 2f
0x00007ffe5896b046:   48 8d 54 24 34 48 8d 4d a4 ff 15 bb 78 06 00 85
0x00007ffe5896b056:   c0 74 1c 48 8d 54 24 44 48 8d 4d b4 ff 15 a8 78
0x00007ffe5896b066:   06 00 85 c0 74 09 8b 44 24 54 39 45 c4 74 11 ff
0x00007ffe5896b076:   c7 3b 7b 0c 0f 8c 40 ff ff ff 8b 3d 1a b3 06 00
0x00007ffe5896b086:   48 8b cb e8 d2 cd f4 ff 90 8b c7 48 8b 4d 10 48
0x00007ffe5896b096:   33 cc e8 53 01 01 00 4c 8d 9c 24 20 01 00 00 49
0x00007ffe5896b0a6:   8b 5b 28 49 8b 73 30 49 8b e3 41 5e 5f 5d c3 cc
0x00007ffe5896b0b6:   cc cc cc cc cc cc cc cc cc cc 48 8b 41 08 48 8b
0x00007ffe5896b0c6:   80 18 0c 00 00 c3 cc cc cc cc 48 8b 41 08 48 05
0x00007ffe5896b0d6:   00 04 00 00 c3 cc cc cc cc cc 40 53 48 83 ec 20
0x00007ffe5896b0e6:   83 79 50 00 48 8b d9 75 56 48 8b 49 28 4c 8d 44
0x00007ffe5896b0f6:   24 38 48 8d 54 24 30 c7 44 24 30 00 00 80 bf c7
0x00007ffe5896b106:   44 24 38 00 00 80 bf e8 be e0 00 00 f3 0f 10 54
0x00007ffe5896b116:   24 30 0f 57 c0 0f 2f d0 76 25 f3 0f 10 4c 24 38
0x00007ffe5896b126:   0f 2f c8 76 1a f3 0f 5e 15 d9 9b 02 00 f3 0f 5e
0x00007ffe5896b136:   0d d1 9b 02 00 f3 0f 11 53 48 f3 0f 11 4b 4c 48
0x00007ffe5896b146:   83 c4 20 5b c3 cc cc cc cc cc 48 89 5c 24 10 48
0x00007ffe5896b156:   89 74 24 18 57 41 56 41 57 48 83 ec 40 48 8b d9
0x00007ffe5896b166:   48 83 79 18 00 75 14 b9 28 04 00 00 e8 b9 96 00
0x00007ffe5896b176:   00 48 89 43 18 c7 00 28 00 00 00 48 8b 43 18 33
0x00007ffe5896b186:   ff 66 89 78 0e 48 8b 4b 28 e8 5c 03 00 00 48 8b
0x00007ffe5896b196:   f0 41 bf 01 00 00 00 45 8b c7 41 8b d7 48 8b c8
0x00007ffe5896b1a6:   ff 15 84 74 06 00 4c 8b f0 89 7c 24 30 48 8b 4b
0x00007ffe5896b1b6:   18 48 89 4c 24 28 48 89 7c 24 20 45 8b cf 45 33
0x00007ffe5896b1c6:   c0 48 8b d0 48 8b ce ff 15 3d 75 06 00 48 8b 53
0x00007ffe5896b1d6:   30 48 8b 0b 8b 05 c4 b1 06 00 83 79 04 08 0f 8e 


Stack slot to memory mapping:

stack at sp + 0 slots: 0x00000280c7b09200 points into unknown readable memory: 0x00000280c79d4ce0 | e0 4c 9d c7 80 02 00 00
stack at sp + 1 slots: 0x00007ffe3fdd4f7c jvm.dll
stack at sp + 2 slots: 0x00000280d7728950 points into unknown readable memory: 0x00007ffe40582a20 | 20 2a 58 40 fe 7f 00 00
stack at sp + 3 slots: 0x00000280c7b09200 points into unknown readable memory: 0x00000280c79d4ce0 | e0 4c 9d c7 80 02 00 00
stack at sp + 4 slots: 0x00000280c7b09200 points into unknown readable memory: 0x00000280c79d4ce0 | e0 4c 9d c7 80 02 00 00
stack at sp + 5 slots: 0x00007ffe5896c922 awt.dll
stack at sp + 6 slots: 0x00007ffe589c9848 awt.dll
stack at sp + 7 slots: {method} {0x00000280c128a3d8} 'initNativeScale' '(I)V' in 'sun/awt/Win32GraphicsDevice'

native method entry point (kind = native)  [0x00000280e928cba0, 0x00000280e928d6c0]  2848 bytes
[MachCode]
  0x00000280e928cba0: 488b 4b08 | 0fb7 492e | 584c 8d74 | ccf8 6800 | 0000 0068 | 0000 0000 | 5055 488b | ec41 5568 
  0x00000280e928cbc0: 0000 0000 | 4c8b 6b08 | 4d8d 6d38 | 5348 8b53 | 0848 8b52 | 0848 8b52 | 1848 8b52 | 7048 8b12 
  0x00000280e928cbe0: 5248 8b53 | 1048 85d2 | 0f84 0700 | 0000 4881 | c210 0100 | 0052 488b | 5308 488b | 5208 488b 
  0x00000280e928cc00: 5210 5249 | 8bc6 482b | c548 c1e8 | 0350 6800 | 0000 0068 | f7ff ffff | 41c6 8781 | 0400 0001 
  0x00000280e928cc20: 488b 4310 | 4885 c074 | 208b 88cc | 0000 0083 | c102 8988 | cc00 0000 | 2388 e000 | 0000 0f84 
  0x00000280e928cc40: cb09 0000 | e9cf 0000 | 0048 8b43 | 1848 85c0 | 0f85 b000 | 0000 e805 | 0000 00e9 | 9900 0000 
  0x00000280e928cc60: 488b d348 | 8d44 2408 | 4c89 6dc0 | 498b cfc5 | f877 4989 | afb0 0300 | 0049 8987 | a003 0000 
  0x00000280e928cc80: 4883 ec20 | 40f6 c40f | 0f84 1900 | 0000 4883 | ec08 48b8 | 00a7 f83f | fe7f 0000 | ffd0 4883 
  0x00000280e928cca0: c408 e90c | 0000 0048 | b800 a7f8 | 3ffe 7f00 | 00ff d048 | 83c4 2049 | c787 a003 | 0000 0000 
  0x00000280e928ccc0: 0000 49c7 | 87b0 0300 | 0000 0000 | 0049 c787 | a803 0000 | 0000 0000 | c5f8 7749 | 837f 0800 
  0x00000280e928cce0: 0f84 0500 | 0000 e915 | 42ff ff4c | 8b6d c04c | 8b75 c84e | 8d74 f500 | c348 8b43 | 1848 85c0 
  0x00000280e928cd00: 0f84 1200 | 0000 8b48 | 0883 c102 | 8948 0823 | 481c 0f84 | f708 0000 | 493b a7f0 | 0400 000f 
  0x00000280e928cd20: 8748 0000 | 0089 8424 | 00f0 ffff | 8984 2400 | e0ff ff89 | 8424 00d0 | ffff 8984 | 2400 c0ff 
  0x00000280e928cd40: ff89 8424 | 00b0 ffff | 8984 2400 | a0ff ff89 | 8424 0090 | ffff 8984 | 2400 80ff | ff49 3ba7 
  0x00000280e928cd60: e804 0000 | 7607 4989 | a7f0 0400 | 0041 c687 | 8104 0000 | 0049 ba6c | 407f 40fe | 7f00 0041 
  0x00000280e928cd80: 803a 000f | 843e 0000 | 0048 8b55 | e849 8bcf | 4883 ec20 | 40f6 c40f | 0f84 1900 | 0000 4883 
  0x00000280e928cda0: ec08 48b8 | 80b9 2f40 | fe7f 0000 | ffd0 4883 | c408 e90c | 0000 0048 | b880 b92f | 40fe 7f00 
  0x00000280e928cdc0: 00ff d048 | 83c4 2048 | 8b5d e84c | 8b5b 0845 | 0fb7 5b2e | 41c1 e303 | 492b e348 | 83ec 2048 
  0x00000280e928cde0: 83e4 f04c | 8b5b 604d | 85db 0f85 | ab00 0000 | e805 0000 | 00e9 9900 | 0000 488b | d348 8d44 
  0x00000280e928ce00: 2408 4c89 | 6dc0 498b | cfc5 f877 | 4989 afb0 | 0300 0049 | 8987 a003 | 0000 4883 | ec20 40f6 
  0x00000280e928ce20: c40f 0f84 | 1900 0000 | 4883 ec08 | 48b8 20ce | f83f fe7f | 0000 ffd0 | 4883 c408 | e90c 0000 
  0x00000280e928ce40: 0048 b820 | cef8 3ffe | 7f00 00ff | d048 83c4 | 2049 c787 | a003 0000 | 0000 0000 | 49c7 87b0 
  0x00000280e928ce60: 0300 0000 | 0000 0049 | c787 a803 | 0000 0000 | 0000 c5f8 | 7749 837f | 0800 0f84 | 0500 0000 
  0x00000280e928ce80: e97b 40ff | ff4c 8b6d | c04c 8b75 | c84e 8d74 | f500 c348 | 8b5d e84c | 8b5b 6041 | ffd3 488b 
  0x00000280e928cea0: 5de8 4889 | 4518 448b | 5b28 41f6 | c308 0f84 | 1b00 0000 | 4c8b 5b08 | 4d8b 5b08 | 4d8b 5b18 
  0x00000280e928cec0: 4d8b 5b70 | 4d8b 1b4c | 895d 1048 | 8d55 1048 | 8b43 5849 | ba80 1030 | 40fe 7f00 | 0049 3bc2 
  0x00000280e928cee0: 0f85 ab00 | 0000 e805 | 0000 00e9 | 9900 0000 | 488b d348 | 8d44 2408 | 4c89 6dc0 | 498b cfc5 
  0x00000280e928cf00: f877 4989 | afb0 0300 | 0049 8987 | a003 0000 | 4883 ec20 | 40f6 c40f | 0f84 1900 | 0000 4883 
  0x00000280e928cf20: ec08 48b8 | 20ce f83f | fe7f 0000 | ffd0 4883 | c408 e90c | 0000 0048 | b820 cef8 | 3ffe 7f00 
  0x00000280e928cf40: 00ff d048 | 83c4 2049 | c787 a003 | 0000 0000 | 0000 49c7 | 87b0 0300 | 0000 0000 | 0049 c787 
  0x00000280e928cf60: a803 0000 | 0000 0000 | c5f8 7749 | 837f 0800 | 0f84 0500 | 0000 e985 | 3fff ff4c | 8b6d c04c 
  0x00000280e928cf80: 8b75 c84e | 8d74 f500 | c348 8b5d | e848 8b43 | 5849 8d8f | c003 0000 | c5f8 7749 | 89af b003 
  0x00000280e928cfa0: 0000 49ba | 98cf 28e9 | 8002 0000 | 4d89 97a8 | 0300 0049 | 89a7 a003 | 0000 41c7 | 8754 0400 
  0x00000280e928cfc0: 0004 0000 | 00ff d0c5 | f877 4883 | ec10 c5fb | 1104 2448 | 83ec 1048 | 8904 2448 | c744 2408 
  0x00000280e928cfe0: 0000 0000 | 41c7 8754 | 0400 0005 | 0000 00f0 | 8344 24c0 | 0049 3baf | 5804 0000 | 0f87 0e00 
  0x00000280e928d000: 0000 4183 | bf50 0400 | 0000 0f84 | 2000 0000 | 498b cf4c | 8be4 4883 | ec20 4883 | e4f0 48b8 
  0x00000280e928d020: 4023 fa3f | fe7f 0000 | ffd0 498b | e44d 33e4 | 41c7 8754 | 0400 0008 | 0000 0049 | c787 a003 
  0x00000280e928d040: 0000 0000 | 0000 49c7 | 87b0 0300 | 0000 0000 | 0049 c787 | a803 0000 | 0000 0000 | c5f8 774d 
  0x00000280e928d060: 8b9f 3004 | 0000 41c7 | 8300 0100 | 0000 0000 | 0049 bb1a | a528 e980 | 0200 004c | 3b5d 180f 
  0x00000280e928d080: 8524 0200 | 0048 8b04 | 2448 83c4 | 1048 85c0 | 0f84 fe01 | 0000 a803 | 0f85 0800 | 0000 488b 
  0x00000280e928d0a0: 00e9 ee01 | 0000 a801 | 0f85 0900 | 0000 488b | 40fe e9dd | 0100 0048 | 8b40 ff41 | 807f 3800 
  0x00000280e928d0c0: 0f84 ce01 | 0000 4883 | f800 0f84 | c401 0000 | 4d8b 5f28 | 4983 fb00 | 0f84 1400 | 0000 4983 
  0x00000280e928d0e0: eb08 4d89 | 5f28 4d03 | 5f30 4989 | 03e9 a201 | 0000 4881 | ecd0 0000 | 0048 8904 | 2448 894c 
  0x00000280e928d100: 2408 4889 | 5424 1048 | 8974 2418 | 4889 7c24 | 204c 8944 | 2428 4c89 | 4c24 304c | 8954 2438 
  0x00000280e928d120: 4c89 5c24 | 40c5 fb11 | 4424 50c5 | fb11 4c24 | 58c5 fb11 | 5424 60c5 | fb11 5c24 | 68c5 fb11 
  0x00000280e928d140: 6424 70c5 | fb11 6c24 | 78c5 fb11 | b424 8000 | 0000 c5fb | 11bc 2488 | 0000 00c5 | 7b11 8424 
  0x00000280e928d160: 9000 0000 | c57b 118c | 2498 0000 | 00c5 7b11 | 9424 a000 | 0000 c57b | 119c 24a8 | 0000 00c5 
  0x00000280e928d180: 7b11 a424 | b000 0000 | c57b 11ac | 24b8 0000 | 00c5 7b11 | b424 c000 | 0000 c57b | 11bc 24c8 
  0x00000280e928d1a0: 0000 0049 | 8bd7 488b | c848 83ec | 2040 f6c4 | 0f0f 8419 | 0000 0048 | 83ec 0848 | b830 3fed 
  0x00000280e928d1c0: 3ffe 7f00 | 00ff d048 | 83c4 08e9 | 0c00 0000 | 48b8 303f | ed3f fe7f | 0000 ffd0 | 4883 c420 
  0x00000280e928d1e0: c57b 10bc | 24c8 0000 | 00c5 7b10 | b424 c000 | 0000 c57b | 10ac 24b8 | 0000 00c5 | 7b10 a424 
  0x00000280e928d200: b000 0000 | c57b 109c | 24a8 0000 | 00c5 7b10 | 9424 a000 | 0000 c57b | 108c 2498 | 0000 00c5 
  0x00000280e928d220: 7b10 8424 | 9000 0000 | c5fb 10bc | 2488 0000 | 00c5 fb10 | b424 8000 | 0000 c5fb | 106c 2478 
  0x00000280e928d240: c5fb 1064 | 2470 c5fb | 105c 2468 | c5fb 1054 | 2460 c5fb | 104c 2458 | c5fb 1044 | 2450 4c8b 
  0x00000280e928d260: 5c24 404c | 8b54 2438 | 4c8b 4c24 | 304c 8b44 | 2428 488b | 7c24 2048 | 8b74 2418 | 488b 5424 
  0x00000280e928d280: 1048 8b4c | 2408 488b | 0424 4881 | c4d0 0000 | 00c5 f877 | 4889 4510 | 4883 ec10 | 4889 0424 
  0x00000280e928d2a0: 48c7 4424 | 0800 0000 | 0041 83bf | d004 0000 | 020f 85bf | 0000 0048 | 81ec 8000 | 0000 4889 
  0x00000280e928d2c0: 4424 7848 | 894c 2470 | 4889 5424 | 6848 895c | 2460 4889 | 6c24 5048 | 8974 2448 | 4889 7c24 
  0x00000280e928d2e0: 404c 8944 | 2438 4c89 | 4c24 304c | 8954 2428 | 4c89 5c24 | 204c 8964 | 2418 4c89 | 6c24 104c 
  0x00000280e928d300: 8974 2408 | 4c89 3c24 | 4c8b e448 | 83ec 2048 | 83e4 f048 | b8d0 f12f | 40fe 7f00 | 00ff d049 
  0x00000280e928d320: 8be4 4c8b | 3c24 4c8b | 7424 084c | 8b6c 2410 | 4c8b 6424 | 184c 8b5c | 2420 4c8b | 5424 284c 
  0x00000280e928d340: 8b4c 2430 | 4c8b 4424 | 3848 8b7c | 2440 488b | 7424 4848 | 8b6c 2450 | 488b 5c24 | 6048 8b54 
  0x00000280e928d360: 2468 488b | 4c24 7048 | 8b44 2478 | 4881 c480 | 0000 004d | 33e4 488b | 5de8 4c8b | 6b08 4d8d 
  0x00000280e928d380: 6d38 4983 | 7f08 000f | 84bb 0000 | 00e8 0500 | 0000 e996 | 0000 0048 | 8d44 2408 | 4c89 6dc0 
  0x00000280e928d3a0: 498b cfc5 | f877 4989 | afb0 0300 | 0049 8987 | a003 0000 | 4883 ec20 | 40f6 c40f | 0f84 1900 
  0x00000280e928d3c0: 0000 4883 | ec08 48b8 | 60ec f83f | fe7f 0000 | ffd0 4883 | c408 e90c | 0000 0048 | b860 ecf8 
  0x00000280e928d3e0: 3ffe 7f00 | 00ff d048 | 83c4 2049 | c787 a003 | 0000 0000 | 0000 49c7 | 87b0 0300 | 0000 0000 
  0x00000280e928d400: 0049 c787 | a803 0000 | 0000 0000 | c5f8 7749 | 837f 0800 | 0f84 0500 | 0000 e9e1 | 3aff ff4c 
  0x00000280e928d420: 8b6d c04c | 8b75 c84e | 8d74 f500 | c348 b9c0 | 2857 40fe | 7f00 0048 | 83e4 f048 | b830 991e 
  0x00000280e928d440: 40fe 7f00 | 00ff d0f4 | 448b 5b28 | 41f6 c320 | 0f84 4401 | 0000 488d | 55a8 4c8b | 5a08 4d85 
  0x00000280e928d460: db0f 85bb | 0000 00e8 | 0500 0000 | e996 0000 | 0048 8d44 | 2408 4c89 | 6dc0 498b | cfc5 f877 
  0x00000280e928d480: 4989 afb0 | 0300 0049 | 8987 a003 | 0000 4883 | ec20 40f6 | c40f 0f84 | 1900 0000 | 4883 ec08 
  0x00000280e928d4a0: 48b8 90eb | f83f fe7f | 0000 ffd0 | 4883 c408 | e90c 0000 | 0048 b890 | ebf8 3ffe | 7f00 00ff 
  0x00000280e928d4c0: d048 83c4 | 2049 c787 | a003 0000 | 0000 0000 | 49c7 87b0 | 0300 0000 | 0000 0049 | c787 a803 
  0x00000280e928d4e0: 0000 0000 | 0000 c5f8 | 7749 837f | 0800 0f84 | 0500 0000 | e907 3aff | ff4c 8b6d | c04c 8b75 
  0x00000280e928d500: c84e 8d74 | f500 c348 | b9c0 2857 | 40fe 7f00 | 0048 83e4 | f048 b830 | 991e 40fe | 7f00 00ff 
  0x00000280e928d520: d0f4 4c89 | 6dc0 488d | 024c 8b4a | 0848 c742 | 0800 0000 | 004c 8b00 | 4d85 c00f | 840b 0000 
  0x00000280e928d540: 00f0 4d0f | b101 0f85 | 0c00 0000 | 49ff 8f58 | 0500 00e9 | 3e00 0000 | 4c89 4a08 | 488b ca48 
  0x00000280e928d560: 83ec 2040 | f6c4 0f0f | 8419 0000 | 0048 83ec | 0848 b820 | bef8 3ffe | 7f00 00ff | d048 83c4 
  0x00000280e928d580: 08e9 0c00 | 0000 48b8 | 20be f83f | fe7f 0000 | ffd0 4883 | c420 4c8b | 6dc0 49ba | 6c40 7f40 
  0x00000280e928d5a0: fe7f 0000 | 4180 3a00 | 0f84 3e00 | 0000 488b | 55e8 498b | cf48 83ec | 2040 f6c4 | 0f0f 8419 
  0x00000280e928d5c0: 0000 0048 | 83ec 0848 | b880 b92f | 40fe 7f00 | 00ff d048 | 83c4 08e9 | 0c00 0000 | 48b8 80b9 
  0x00000280e928d5e0: 2f40 fe7f | 0000 ffd0 | 4883 c420 | 488b 0424 | 4883 c410 | c5fb 1004 | 2448 83c4 | 104c 8b5d 
  0x00000280e928d600: 1841 ffd3 | 4c8b 5df8 | c95f 498b | e3ff e7ba | 0000 0000 | e805 0000 | 00e9 9600 | 0000 488d 
  0x00000280e928d620: 4424 084c | 896d c049 | 8bcf c5f8 | 7749 89af | b003 0000 | 4989 87a0 | 0300 0048 | 83ec 2040 
  0x00000280e928d640: f6c4 0f0f | 8419 0000 | 0048 83ec | 0848 b8e0 | b1f8 3ffe | 7f00 00ff | d048 83c4 | 08e9 0c00 
  0x00000280e928d660: 0000 48b8 | e0b1 f83f | fe7f 0000 | ffd0 4883 | c420 49c7 | 87a0 0300 | 0000 0000 | 0049 c787 
  0x00000280e928d680: b003 0000 | 0000 0000 | 49c7 87a8 | 0300 0000 | 0000 00c5 | f877 4983 | 7f08 000f | 8405 0000 
  0x00000280e928d6a0: 00e9 5a38 | ffff 4c8b | 6dc0 4c8b | 75c8 4e8d | 74f5 00c3 | 488b 5de8 | e95b f6ff | ff66 6690 
[/MachCode]

Compiled method (c2) 798078 2447       4       java.awt.EventQueue::dispatchEvent (80 bytes)
 total in heap  [0x00000280e98ec210,0x00000280e98f0d50] = 19264
 relocation     [0x00000280e98ec368,0x00000280e98ec6b0] = 840
 main code      [0x00000280e98ec6c0,0x00000280e98eed50] = 9872
 stub code      [0x00000280e98eed50,0x00000280e98eedf0] = 160
 oops           [0x00000280e98eedf0,0x00000280e98eee18] = 40
 metadata       [0x00000280e98eee18,0x00000280e98ef018] = 512
 scopes data    [0x00000280e98ef018,0x00000280e98f01a0] = 4488
 scopes pcs     [0x00000280e98f01a0,0x00000280e98f0900] = 1888
 dependencies   [0x00000280e98f0900,0x00000280e98f0940] = 64
 handler table  [0x00000280e98f0940,0x00000280e98f0cd0] = 912
 nul chk table  [0x00000280e98f0cd0,0x00000280e98f0d50] = 128

[Constant Pool (empty)]

[MachCode]
[Entry Point]
  # {method} {0x00000280c10429d0} 'dispatchEvent' '(Ljava/awt/AWTEvent;)V' in 'java/awt/EventQueue'
  # this:     rdx:rdx   = 'java/awt/EventQueue'
  # parm0:    r8:r8     = 'java/awt/AWTEvent'
  #           [sp+0x90]  (sp of caller)
  0x00000280e98ec6c0: 448b 5208 | 49bb 0000 | 0080 8002 | 0000 4d03 | d349 3bc2 

  0x00000280e98ec6d4: ;   {runtime_call ic_miss_stub}
  0x00000280e98ec6d4: 0f85 a620 | 9eff 6690 | 0f1f 4000 
[Verified Entry Point]
  0x00000280e98ec6e0: 8984 2400 | 80ff ff55 | 4881 ec80 | 0000 0090 | 4181 7f20 | 0100 0000 | 0f85 4326 | 0000 4889 
  0x00000280e98ec700: 5424 204c | 8944 2438 

  0x00000280e98ec708: ; implicit exception: dispatches to 0x00000280e98eeaf8
  0x00000280e98ec708: 458b 580c | 4489 5c24 | 4049 8b87 | b801 0000 | 4d8b 9788 | 0300 004c | 8bd8 4983 | c318 4d8b 
  0x00000280e98ec728: 124c 8954 | 2428 4d3b | 9fc8 0100 | 000f 83a2 | 1500 004d | 899f b801 | 0000 410f | 0d8b c000 
  0x00000280e98ec748: 0000 48c7 | 0001 0000 

  0x00000280e98ec750: ;   {metadata('java/awt/EventQueue$4')}
  0x00000280e98ec750: 00c7 4008 | 70c6 0601 | 4c8b 5424 | 384d 8bda | 49c1 eb03 | 4489 580c | 448b 5c24 | 4044 8958 
  0x00000280e98ec770: 104c 8b54 | 2420 4d8b | da49 c1eb | 0344 8958 | 1448 8944 

  0x00000280e98ec784: ;   {static_call}
  0x00000280e98ec784: 2448 90e8 

  0x00000280e98ec788: ; ImmutableOopMap {[32]=Oop [40]=Oop [56]=Oop [64]=NarrowOop [72]=Oop }
                      ;*invokestatic getStackAccessControlContext {reexecute=0 rethrow=0 return_oop=1}
                      ; - java.security.AccessController::getContext@0 (line 1020)
                      ; - java.awt.EventQueue::dispatchEvent@16 (line 736)
  0x00000280e98ec788: 3438 f8ff 

  0x00000280e98ec78c: ;   {other}
  0x00000280e98ec78c: 0f1f 8400 | 7c05 0000 | 4885 c00f | 84e3 0d00 | 0044 0fb6 | 500c 4585 | d275 2b48 | 8944 2450 
  0x00000280e98ec7ac: ;   {static_call}
  0x00000280e98ec7ac: 6666 90e8 

  0x00000280e98ec7b0: ; ImmutableOopMap {[32]=Oop [40]=Oop [56]=Oop [64]=NarrowOop [72]=Oop [80]=Oop }
                      ;*invokestatic getInheritedAccessControlContext {reexecute=0 rethrow=0 return_oop=1}
                      ; - java.security.AccessControlContext::optimize@44 (line 589)
                      ; - java.security.AccessController::getContext@19 (line 1026)
                      ; - java.awt.EventQueue::dispatchEvent@16 (line 736)
  0x00000280e98ec7b0: 8c4d f8ff 

  0x00000280e98ec7b4: ;   {other}
  0x00000280e98ec7b4: 0f1f 8400 | a405 0001 

  0x00000280e98ec7bc: ; implicit exception: dispatches to 0x00000280e98eec18
  0x00000280e98ec7bc: 0fb6 680f | 85ed 0f85 | 981a 0000 | 4c8b d048 | 8b44 2450 | eb16 448b | 4014 430f | b66c c40e 
  0x00000280e98ec7dc: 85ed 0f85 | b418 0000 | 4f8d 14c4 | 4d8b ca45 | 0fb6 5a0e | 8b58 1041 | 8b4a 1045 | 33d2 85c9 
  0x00000280e98ec7fc: 410f 94c2 | 4585 db0f | 8567 1700 | 0041 8b69 | 1885 ed0f | 85c7 1700 | 0085 db0f | 8506 0a00 
  0x00000280e98ec81c: 0085 c975 | 1141 8b69 | 2485 ed0f | 859b 1800 | 0048 8be8 | eb03 498b | e948 8bdd | 448b 5424 
  0x00000280e98ec83c: 4047 8b5c | d408 49ba | 0000 0080 | 8002 0000 | 4d03 d34d 

  0x00000280e98ec850: ;   {metadata('java/awt/Component')}
  0x00000280e98ec850: 8b52 3849 | b830 d105 | 8180 0200 | 004d 3bd0 | 0f85 a809 | 0000 448b | 5c24 404f | 8d14 dc41 
  0x00000280e98ec870: 8b6a 7c85 | ed0f 84a1 | 1700 0045 | 8b52 7c4d | 8bc2 49c1 | e003 4c8b | 5424 3841 | 8b6a 1c85 
  0x00000280e98ec890: ed0f 8429 | 1700 0045 | 8b52 1c44 | 8954 2450 | 4d85 c00f | 84ac 0300 | 0049 8b87 | b801 0000 
  0x00000280e98ec8b0: 4c8b d049 | 83c2 284d | 3b97 c801 | 0000 0f83 | e514 0000 | 4d89 97b8 | 0100 0041 | 0f0d 8ac0 
  0x00000280e98ec8d0: 0000 0048 | c700 0100 

  0x00000280e98ec8d8: ;   {metadata('java/security/AccessControlContext')}
  0x00000280e98ec8d8: 0000 c740 | 0878 7102 | 004c 8960 | 104c 8960 | 184c 8960 | 20c7 400c | 0001 0000 | 4889 4424 
  0x00000280e98ec8f8: 4044 8b53 | 1844 8950 | 1845 8b58 | 1044 8958 | 1049 8b87 | b801 0000 | 4c8b c049 | 83c0 284d 
  0x00000280e98ec918: 3b87 c801 | 0000 0f83 | c714 0000 | 4d89 87b8 | 0100 0041 | 0f0d 88c0 | 0000 0048 | c700 0100 
  0x00000280e98ec938: ;   {metadata('java/security/AccessControlContext')}
  0x00000280e98ec938: 0000 c740 | 0878 7102 | 0044 8960 | 104c 8960 | 184c 8960 | 20c7 400c | 0100 0000 | 4c8b 4424 
  0x00000280e98ec958: 404d 8bc8 | 49c1 e903 | 4489 4814 | 4889 4424 | 388b 4b10 | 8948 1045 | 85d2 0f85 | 5c18 0000 
  0x00000280e98ec978: 85c9 0f85 | d209 0000 | 4585 db74 | 0a4c 8b54 | 2440 4c89 | 5424 3848 | 8b54 2438 

  0x00000280e98ec994: ;   {static_call}
  0x00000280e98ec994: 6666 90e8 

  0x00000280e98ec998: ; ImmutableOopMap {[56]=Oop [72]=Oop [80]=NarrowOop }
                      ;*invokestatic ensureMaterializedForStackWalk {reexecute=0 rethrow=0 return_oop=0}
                      ; - java.security.AccessController::executePrivileged@5 (line 774)
                      ; - java.security.AccessController::doPrivileged@13 (line 400)
                      ; - java.security.ProtectionDomain$JavaSecurityAccessImpl::doIntersectionPrivilege@18 (line 87)
                      ; - java.awt.EventQueue::dispatchEvent@73 (line 744)
  0x00000280e98ec998: 2476 f6ff 

  0x00000280e98ec99c: ;   {other}
  0x00000280e98ec99c: 0f1f 8400 | 8c07 0002 

  0x00000280e98ec9a4: ;   {static_call}
  0x00000280e98ec9a4: 6666 90e8 

  0x00000280e98ec9a8: ; ImmutableOopMap {[56]=Oop [72]=Oop [80]=NarrowOop }
                      ;*invokestatic getStackAccessControlContext {reexecute=0 rethrow=0 return_oop=1}
                      ; - java.security.AccessController::getContext@0 (line 1020)
                      ; - java.security.ProtectionDomain$JavaSecurityAccessImpl::doIntersectionPrivilege@2 (line 99)
                      ; - java.awt.EventQueue$5::run@11 (line 747)
                      ; - java.awt.EventQueue$5::run@1 (line 745)
                      ; - java.security.AccessController::executePrivileged@29 (line 778)
                      ; - java.security.AccessController::doPrivileged@13 (line 400)
                      ; - java.security.ProtectionDomain$JavaSecurityAccessImpl::doIntersectionPrivilege@18 (line 87)
                      ; - java.awt.EventQueue::dispatchEvent@73 (line 744)
  0x00000280e98ec9a8: 1436 f8ff 

  0x00000280e98ec9ac: ;   {other}
  0x00000280e98ec9ac: 0f1f 8400 | 9c07 0003 | 4889 4424 | 4048 85c0 | 0f84 280d | 0000 440f | b650 0c45 | 85d2 7544 
  0x00000280e98ec9cc: ;   {static_call}
  0x00000280e98ec9cc: 6666 90e8 

  0x00000280e98ec9d0: ; ImmutableOopMap {[56]=Oop [64]=Oop [72]=Oop [80]=NarrowOop }
                      ;*invokestatic getInheritedAccessControlContext {reexecute=0 rethrow=0 return_oop=1}
                      ; - java.security.AccessControlContext::optimize@44 (line 589)
                      ; - java.security.AccessController::getContext@19 (line 1026)
                      ; - java.security.ProtectionDomain$JavaSecurityAccessImpl::doIntersectionPrivilege@2 (line 99)
                      ; - java.awt.EventQueue$5::run@11 (line 747)
                      ; - java.awt.EventQueue$5::run@1 (line 745)
                      ; - java.security.AccessController::executePrivileged@29 (line 778)
                      ; - java.security.AccessController::doPrivileged@13 (line 400)
                      ; - java.security.ProtectionDomain$JavaSecurityAccessImpl::doIntersectionPrivilege@18 (line 87)
                      ; - java.awt.EventQueue::dispatchEvent@73 (line 744)
  0x00000280e98ec9d0: ac26 9eff 

  0x00000280e98ec9d4: ;   {other}
  0x00000280e98ec9d4: 0f1f 8400 | c407 0004 

  0x00000280e98ec9dc: ; implicit exception: dispatches to 0x00000280e98eec8c
  0x00000280e98ec9dc: 0fb6 680f | 85ed 7442 | ba45 ffff | ff4c 8b54 | 2438 4c89 | 5424 204c | 8b54 2440 | 4c89 5424 
  0x00000280e98ec9fc: 3848 8944 

  0x00000280e98eca00: ;   {runtime_call UncommonTrapBlob}
  0x00000280e98eca00: 2440 90e8 

  0x00000280e98eca04: ; ImmutableOopMap {[32]=Oop [56]=Oop [64]=Oop [72]=Oop [80]=NarrowOop }
                      ;*ifeq {reexecute=1 rethrow=0 return_oop=0}
                      ; - (reexecute) java.security.AccessControlContext::optimize@56 (line 596)
                      ; - java.security.AccessController::getContext@19 (line 1026)
                      ; - java.security.ProtectionDomain$JavaSecurityAccessImpl::doIntersectionPrivilege@2 (line 99)
                      ; - java.awt.EventQueue$5::run@11 (line 747)
                      ; - java.awt.EventQueue$5::run@1 (line 745)
                      ; - java.security.AccessController::executePrivileged@29 (line 778)
                      ; - java.security.AccessController::doPrivileged@13 (line 400)
                      ; - java.security.ProtectionDomain$JavaSecurityAccessImpl::doIntersectionPrivilege@18 (line 87)
                      ; - java.awt.EventQueue::dispatchEvent@73 (line 744)
  0x00000280e98eca04: f87b 9eff 

  0x00000280e98eca08: ;   {other}
  0x00000280e98eca08: 0f1f 8400 | f807 0005 | 448b 5814 

  0x00000280e98eca14: ; implicit exception: dispatches to 0x00000280e98eec54
  0x00000280e98eca14: 430f b66c | dc0e 85ed | 0f85 261a | 0000 4b8d | 04dc 4889 | 4424 5844 | 0fb6 500e | 4c8b 5c24 
  0x00000280e98eca34: 4045 8b43 | 1044 8b48 | 1033 c945 | 85c9 0f94 | c145 85d2 | 0f85 3e17 | 0000 8b68 | 1885 ed0f 
  0x00000280e98eca54: 85db 1700 | 0045 85c0 | 0f85 df09 | 0000 4585 | c975 0c8b | 6824 85ed | 740a e91d | 1a00 0048 
  0x00000280e98eca74: 8944 2440 | 488b 5c24 | 4049 8b87 | b801 0000 | 4c8b d049 | 83c2 284d | 3b97 c801 | 0000 0f83 
  0x00000280e98eca94: a813 0000 | 4d89 97b8 | 0100 0041 | 0f0d 8ac0 | 0000 0048 | c700 0100 

  0x00000280e98ecaac: ;   {metadata('java/security/AccessControlContext')}
  0x00000280e98ecaac: 0000 c740 | 0878 7102 | 004c 8960 | 104c 8960 | 184c 8960 | 20c7 400c | 0001 0000 | 4889 4424 
  0x00000280e98ecacc: 5844 8b54 | 2450 478b | 4cd4 1044 | 8948 108b | 7318 4c8b | d048 8bfe | 48c1 e703 | 488b e848 
  0x00000280e98ecaec: c1ed 034d | 8bd9 49c1 | e303 4d33 | da49 c1eb | 154d 85db | 741f 4585 | c974 1a49 | c1ea 0948 
  0x00000280e98ecb0c: b900 90e6 | ed80 0200 | 0049 03ca | 8039 020f | 853a 0e00 | 0041 807f | 3800 0f85 | a10d 0000 
  0x00000280e98ecb2c: 4c8b 5424 | 5841 8972 | 184c 8bd7 | 4c8b 5c24 | 584d 33d3 | 49c1 ea15 | 4d85 d274 | 1f85 f674 
  0x00000280e98ecb4c: 1b49 c1eb | 0949 b800 | 90e6 ed80 | 0200 004d | 03c3 4180 | 3802 0f85 | a10d 0000 | 498b 87b8 
  0x00000280e98ecb6c: 0100 004c | 8bd0 4983 | c228 4d3b | 97c8 0100 | 000f 83e1 | 1200 004d | 8997 b801 | 0000 410f 
  0x00000280e98ecb8c: 0d8a c000 | 0000 48c7 | 0001 0000 

  0x00000280e98ecb98: ;   {metadata('java/security/AccessControlContext')}
  0x00000280e98ecb98: 00c7 4008 | 7871 0200 | 4c89 6010 | 4c89 6018 | 4c89 6020 | c740 0c01 | 0000 0048 | 8944 2450 
  0x00000280e98ecbb8: 8968 1444 | 8b53 1044 | 8950 104c | 8b5c 2458 | 410f b66b | 0e85 ed0f | 851f 1600 | 0045 8b43 
  0x00000280e98ecbd8: 1041 8b6b | 1885 ed0f | 852b 1600 | 0045 85d2 | 0f85 e707 | 0000 4585 | c075 0d41 | 8b6b 2485 
  0x00000280e98ecbf8: ed74 0ae9 | 6c18 0000 | 4c89 5c24 | 5048 8b54 

  0x00000280e98ecc08: ;   {static_call}
  0x00000280e98ecc08: 2450 90e8 

  0x00000280e98ecc0c: ; ImmutableOopMap {[56]=Oop [72]=Oop [80]=Oop }
                      ;*invokestatic ensureMaterializedForStackWalk {reexecute=0 rethrow=0 return_oop=0}
                      ; - java.security.AccessController::executePrivileged@5 (line 774)
                      ; - java.security.AccessController::doPrivileged@13 (line 400)
                      ; - java.security.ProtectionDomain$JavaSecurityAccessImpl::doIntersectionPrivilege@18 (line 87)
                      ; - java.security.ProtectionDomain$JavaSecurityAccessImpl::doIntersectionPrivilege@6 (line 98)
                      ; - java.awt.EventQueue$5::run@11 (line 747)
                      ; - java.awt.EventQueue$5::run@1 (line 745)
                      ; - java.security.AccessController::executePrivileged@29 (line 778)
                      ; - java.security.AccessController::doPrivileged@13 (line 400)
                      ; - java.security.ProtectionDomain$JavaSecurityAccessImpl::doIntersectionPrivilege@18 (line 87)
                      ; - java.awt.EventQueue::dispatchEvent@73 (line 744)
  0x00000280e98ecc0c: b073 f6ff 

  0x00000280e98ecc10: ;   {other}
  0x00000280e98ecc10: 0f1f 8400 | 000a 0006 | 488b 5424 

  0x00000280e98ecc1c: ;   {optimized virtual_call}
  0x00000280e98ecc1c: 4866 90e8 

  0x00000280e98ecc20: ; ImmutableOopMap {[56]=Oop [80]=Oop }
                      ;*invokeinterface run {reexecute=0 rethrow=0 return_oop=1}
                      ; - java.security.AccessController::executePrivileged@29 (line 778)
                      ; - java.security.AccessController::doPrivileged@13 (line 400)
                      ; - java.security.ProtectionDomain$JavaSecurityAccessImpl::doIntersectionPrivilege@18 (line 87)
                      ; - java.security.ProtectionDomain$JavaSecurityAccessImpl::doIntersectionPrivilege@6 (line 98)
                      ; - java.awt.EventQueue$5::run@11 (line 747)
                      ; - java.awt.EventQueue$5::run@1 (line 745)
                      ; - java.security.AccessController::executePrivileged@29 (line 778)
                      ; - java.security.AccessController::doPrivileged@13 (line 400)
                      ; - java.security.ProtectionDomain$JavaSecurityAccessImpl::doIntersectionPrivilege@18 (line 87)
                      ; - java.awt.EventQueue::dispatchEvent@73 (line 744)
  0x00000280e98ecc20: 1c72 0200 

  0x00000280e98ecc24: ;   {other}
  0x00000280e98ecc24: 0f1f 8400 | 140a 0007 | 488b d048 

  0x00000280e98ecc30: ;   {static_call}
  0x00000280e98ecc30: 8be8 90e8 

  0x00000280e98ecc34: ; ImmutableOopMap {rbp=Oop [56]=Oop [80]=Oop }
                      ;*invokestatic ensureMaterializedForStackWalk {reexecute=0 rethrow=0 return_oop=0}
                      ; - java.security.AccessController::executePrivileged@56 (line 786)
                      ; - java.security.AccessController::doPrivileged@13 (line 400)
                      ; - java.security.ProtectionDomain$JavaSecurityAccessImpl::doIntersectionPrivilege@18 (line 87)
                      ; - java.security.ProtectionDomain$JavaSecurityAccessImpl::doIntersectionPrivilege@6 (line 98)
                      ; - java.awt.EventQueue$5::run@11 (line 747)
                      ; - java.awt.EventQueue$5::run@1 (line 745)
                      ; - java.security.AccessController::executePrivileged@29 (line 778)
                      ; - java.security.AccessController::doPrivileged@13 (line 400)
                      ; - java.security.ProtectionDomain$JavaSecurityAccessImpl::doIntersectionPrivilege@18 (line 87)
                      ; - java.awt.EventQueue::dispatchEvent@73 (line 744)
  0x00000280e98ecc34: 8873 f6ff 

  0x00000280e98ecc38: ;   {other}
  0x00000280e98ecc38: 0f1f 8400 | 280a 0008 

  0x00000280e98ecc40: ;   {static_call}
  0x00000280e98ecc40: 33d2 90e8 

  0x00000280e98ecc44: ; ImmutableOopMap {[56]=Oop }
                      ;*invokestatic ensureMaterializedForStackWalk {reexecute=0 rethrow=0 return_oop=0}
                      ; - java.security.AccessController::executePrivileged@56 (line 786)
                      ; - java.security.AccessController::doPrivileged@13 (line 400)
                      ; - java.security.ProtectionDomain$JavaSecurityAccessImpl::doIntersectionPrivilege@18 (line 87)
                      ; - java.awt.EventQueue::dispatchEvent@73 (line 744)
  0x00000280e98ecc44: 7873 f6ff 

  0x00000280e98ecc48: ;   {other}
  0x00000280e98ecc48: 0f1f 8400 | 380a 0009 | e9a3 0500 | 0049 8b87 | b801 0000 | 4c8b d049 | 83c2 284d | 3b97 c801 
  0x00000280e98ecc68: 0000 0f83 | a710 0000 | 4d89 97b8 | 0100 0041 | 0f0d 8ac0 | 0000 0048 | c700 0100 

  0x00000280e98ecc84: ;   {metadata('java/security/AccessControlContext')}
  0x00000280e98ecc84: 0000 c740 | 0878 7102 | 004c 8960 | 104c 8960 | 184c 8960 | 20c7 400c | 0001 0000 | 488b f044 
  0x00000280e98ecca4: 8b54 2450 

  0x00000280e98ecca8: ; implicit exception: dispatches to 0x00000280e98eeb32
  0x00000280e98ecca8: 478b 44d4 | 1044 8946 | 108b 7b18 | 4c8b d64c | 8bef 49c1 | e503 488b | ee48 c1ed | 034d 8bd8 
  0x00000280e98eccc8: 49c1 e303 | 4d33 da49 | c1eb 154d | 85db 741f | 4585 c074 | 1a49 c1ea | 0948 b900 | 90e6 ed80 
  0x00000280e98ecce8: 0200 0049 | 03ca 8039 | 020f 8578 | 0b00 0041 | 807f 3800 | 0f85 e80a | 0000 897e | 184d 8bd5 
  0x00000280e98ecd08: 4c8b de4d | 33d3 49c1 | ea15 4d85 | d274 1e85 | ff74 1a49 | c1eb 0948 | b900 90e6 | ed80 0200 
  0x00000280e98ecd28: 0049 03cb | 8039 020f | 85ec 0a00 | 0049 8b87 | b801 0000 | 4c8b d049 | 83c2 284d | 3b97 c801 
  0x00000280e98ecd48: 0000 0f83 | 0b10 0000 | 4d89 97b8 | 0100 0041 | 0f0d 8ac0 | 0000 0048 | c700 0100 

  0x00000280e98ecd64: ;   {metadata('java/security/AccessControlContext')}
  0x00000280e98ecd64: 0000 c740 | 0878 7102 | 004c 8960 | 104c 8960 | 184c 8960 | 20c7 400c | 0100 0000 | 8968 1444 
  0x00000280e98ecd84: 8b5b 1044 | 8958 100f | b66e 0e85 | ed0f 85b3 | 1300 0044 | 8b4e 108b | 6e18 85ed | 0f85 c213 
  0x00000280e98ecda4: 0000 4585 | db0f 851e | 0500 0045 | 85c9 7512 | 8b6e 2485 | ed0f 8571 | 1600 0048 | 8944 2430 
  0x00000280e98ecdc4: eb05 4889 | 7424 3048 | 8b54 2430 

  0x00000280e98ecdd0: ;   {static_call}
  0x00000280e98ecdd0: 6666 90e8 

  0x00000280e98ecdd4: ; ImmutableOopMap {[40]=Oop [48]=Oop [72]=Oop }
                      ;*invokestatic ensureMaterializedForStackWalk {reexecute=0 rethrow=0 return_oop=0}
                      ; - java.security.AccessController::executePrivileged@5 (line 774)
                      ; - java.security.AccessController::doPrivileged@13 (line 400)
                      ; - java.security.ProtectionDomain$JavaSecurityAccessImpl::doIntersectionPrivilege@18 (line 87)
                      ; - java.awt.EventQueue::dispatchEvent@46 (line 742)
  0x00000280e98ecdd4: e871 f6ff 

  0x00000280e98ecdd8: ;   {other}
  0x00000280e98ecdd8: 0f1f 8400 | c80b 000a | 4c8b 4c24 | 4841 8b59 | 1441 8b6c | dc4c 85ed | 0f85 6611 | 0000 458b 
  0x00000280e98ecdf8: 510c 478b | 6cd4 0843 | c644 d416 | 014f 8d1c | d44c 895c | 2458 49b8 | 0000 0080 | 8002 0000 
  0x00000280e98ece18: 4d03 c54d 

  0x00000280e98ece1c: ;   {metadata('java/awt/event/InvocationEvent')}
  0x00000280e98ece1c: 8b70 5041 | 81fd f0a1 | 0601 0f84 | e500 0000 

  0x00000280e98ece2c: ;   {metadata('java/awt/event/MouseEvent')}
  0x00000280e98ece2c: 4181 fdc0 | 0710 0174 | 3a4d 8b58 

  0x00000280e98ece38: ;   {metadata('java/awt/ActiveEvent')}
  0x00000280e98ece38: 2048 b8f8 | 9f06 8180 | 0200 004c | 3bd8 0f84 | c500 0000 | 498b f048 | 8b7e 288b | 0f48 83c7 
  0x00000280e98ece58: 0848 85c0 | f248 af0f | 8504 0000 | 0048 8946 | 200f 84a2 | 0000 0041 | 8b69 1045 | 8b44 ec08 
  0x00000280e98ece78: 49bb 0000 | 0080 8002 | 0000 4d03 | d84d 8b5b 

  0x00000280e98ece88: ;   {metadata('java/awt/Component')}
  0x00000280e98ece88: 3849 b830 | d105 8180 | 0200 004d | 3bd8 0f85 | 1016 0000 | 4c89 7424 | 2844 8954 | 2420 498d 
  0x00000280e98ecea8: 14ec 4c8b | 4424 5866 | 9048 b8ff | ffff ffff 

  0x00000280e98eceb8: ;   {virtual_call}
  0x00000280e98eceb8: ffff ffe8 

  0x00000280e98ecebc: ; ImmutableOopMap {[32]=NarrowOop [48]=Oop [88]=Oop }
                      ;*invokevirtual dispatchEventImpl {reexecute=0 rethrow=0 return_oop=0}
                      ; - java.awt.Component::dispatchEvent@2 (line 4828)
                      ; - java.awt.EventQueue::dispatchEventImpl@41 (line 775)
                      ; - java.awt.EventQueue$4::run@32 (line 720)
                      ; - java.awt.EventQueue$4::run@1 (line 714)
                      ; - java.security.AccessController::executePrivileged@29 (line 778)
                      ; - java.security.AccessController::doPrivileged@13 (line 400)
                      ; - java.security.ProtectionDomain$JavaSecurityAccessImpl::doIntersectionPrivilege@18 (line 87)
                      ; - java.awt.EventQueue::dispatchEvent@46 (line 742)
  0x00000280e98ecebc: c01e 9eff 

  0x00000280e98ecec0: ;   {other}
  0x00000280e98ecec0: 0f1f 8400 | b00c 000b | 4c8b 5424 

  0x00000280e98ececc: ;   {metadata('java/awt/event/InputEvent')}
  0x00000280e98ececc: 2849 bbd8 | e405 8180 | 0200 004d | 3bd3 0f85 | 0803 0000 

  0x00000280e98ecee0: ;   {oop(a 'java/lang/Class'{0x000000074f01aea0} = 'sun/awt/AWTAccessor')}
  0x00000280e98ecee0: 49ba a0ae | 014f 0700 | 0000 458b | 9a84 0000 | 0047 8b54 | dc08 488b 

  0x00000280e98ecef8: ;   {metadata('java/awt/event/InputEvent$1')}
  0x00000280e98ecef8: 6c24 5841 | 81fa 00f2 | 0501 0f85 | c015 0000 | 4488 652c | e9d7 0200 | 0041 8b6c | dc2c 458b 
  0x00000280e98ecf18: ;   {metadata('java/util/concurrent/locks/ReentrantLock')}
  0x00000280e98ecf18: 4cec 0841 | 81f9 60bf | 1300 0f85 | 3411 0000 | 4d8d 1cec | 418b 730c | 85f6 0f84 | 0811 0000 
  0x00000280e98ecf38: 4d8d 1cdc | 4c89 5c24 | 484d 8d0c | f433 c0b9 | 0100 0000 | f041 0fb1 | 4cf4 1041 | 0f94 c345 
  0x00000280e98ecf58: 0fb6 db45 | 85db 0f84 | fd07 0000 | 4180 7f38 | 000f 859c | 0b00 004c | 8b5c 2428 | 498b cb48 
  0x00000280e98ecf78: c1e9 0341 | 894c f40c | 498b cb49 | 33c9 48c1 | e915 4885 | c974 1a49 | c1e9 0948 | b900 90e6 
  0x00000280e98ecf98: ed80 0200 | 0049 03c9 | 8039 020f | 8510 0c00 

  0x00000280e98ecfa8: ;   {oop(a 'java/lang/Class'{0x000000074f01af90} = 'java/awt/EventQueue')}
  0x00000280e98ecfa8: 0049 b990 | af01 4f07 | 0000 0041 | 0fb6 a9ac | 0000 0085 | ed0f 85d5 | 1200 0041 | 8b6c dc34 
  0x00000280e98ecfc8: 4c8b cd49 | c1e1 034d | 3bd9 0f85 | a113 0000 | 498b 87b8 | 0100 004c | 8bc8 4983 | c120 4d3b 
  0x00000280e98ecfe8: 8fc8 0100 | 000f 8397 | 0e00 004d | 898f b801 | 0000 410f | 0d89 c000 | 0000 48c7 | 0001 0000 
  0x00000280e98ed008: ;   {metadata('java/lang/ref/WeakReference')}
  0x00000280e98ed008: 00c7 4008 | a07c 0300 | 4489 600c | 4c89 6010 | 4c89 6018 | 4489 500c | 4180 7f38 | 000f 85b6 
  0x00000280e98ed028: 0900 0049 | 8bf3 8bfb | 4489 5424 | 284c 8944 

  0x00000280e98ed038: ;   {oop(a 'java/lang/ref/ReferenceQueue$Null'{0x000000074f01b040})}
  0x00000280e98ed038: 2420 c740 | 1008 36e0 | e94c 8bd0 | 488b e848 | c1ed 0348 

  0x00000280e98ed04c: ;   {oop(a 'java/lang/ref/ReferenceQueue$Null'{0x000000074f01b040})}
  0x00000280e98ed04c: 8bd8 49bb | 40b0 014f | 0700 0000 | 4d33 da49 | c1eb 154d | 85db 741a | 49c1 ea09 | 48b9 0090 
  0x00000280e98ed06c: e6ed 8002 | 0000 4903 | ca80 3902 | 0f85 ed09 | 0000 f083 | 4424 c000 | 4180 7f38 | 000f 851a 
  0x00000280e98ed08c: 0900 0041 | 896c fc40 | 4c8b d34c | 8b5c 2448 | 4d33 d349 | c1ea 154d | 85d2 741b | 49c1 eb09 
  0x00000280e98ed0ac: 49b8 0090 | e6ed 8002 | 0000 4d03 | c341 8038 | 020f 85f6 

  0x00000280e98ed0c0: ;   {metadata('java/awt/event/InputEvent')}
  0x00000280e98ed0c0: 0900 0049 | bad8 e405 | 8180 0200 | 004d 3bf2 | 0f85 b301 | 0000 4c8b | 5424 584d 

  0x00000280e98ed0dc: ;   {metadata('java/awt/event/KeyEvent')}
  0x00000280e98ed0dc: 8b52 2041 | 81fd 60d1 | 0101 7505 | 4d89 54fc | 1841 8b6c | fc2c 4d8b | 5cfc 104d | 3bda 4d0f 
  0x00000280e98ed0fc: 4cda 4d89 | 5cfc 1045 | 8b54 ec08 

  0x00000280e98ed108: ;   {metadata('java/util/concurrent/locks/ReentrantLock')}
  0x00000280e98ed108: 4181 fa60 | bf13 000f | 856f 0f00 | 004d 8d14 | ec41 8b5a | 0c41 8b7c | dc10 418b | 6cdc 0c4c 
  0x00000280e98ed128: 8bd5 49c1 | e203 4c3b | d60f 856d | 1200 0083 | ff01 0f85 | 1906 0000 | 4180 7f38 | 000f 8536 
  0x00000280e98ed148: 0a00 0045 | 8964 dc0c | 41bb 0100 | 0000 ffcf | 4189 7cdc | 10f0 8344 | 24c0 0045 | 85db 740e 
  0x00000280e98ed168: 458b 5cdc | 1445 85db | 0f85 3303 | 0000 488b | 5424 5844 

  0x00000280e98ed17c: ;   {metadata('java/awt/event/InvocationEvent')}
  0x00000280e98ed17c: 8b5a 0841 | 81fb f0a1 | 0601 0f85 | ae05 0000 | 4889 5424 | 200f b66a | 2985 ed0f | 852f 1200 
  0x00000280e98ed19c: 0044 8b52 | 2c49 8bd2 | 48c1 e203 | 9048 b840 | 3127 c680 

  0x00000280e98ed1b0: ;   {virtual_call}
  0x00000280e98ed1b0: 0200 00e8 

  0x00000280e98ed1b4: ; ImmutableOopMap {[32]=Oop [48]=Oop }
                      ;*invokeinterface run {reexecute=0 rethrow=0 return_oop=0}
                      ; - java.awt.event.InvocationEvent::dispatch@47 (line 318)
                      ; - java.awt.EventQueue::dispatchEventImpl@21 (line 773)
                      ; - java.awt.EventQueue$4::run@32 (line 720)
                      ; - java.awt.EventQueue$4::run@1 (line 714)
                      ; - java.security.AccessController::executePrivileged@29 (line 778)
                      ; - java.security.AccessController::doPrivileged@13 (line 400)
                      ; - java.security.ProtectionDomain$JavaSecurityAccessImpl::doIntersectionPrivilege@18 (line 87)
                      ; - java.awt.EventQueue::dispatchEvent@46 (line 742)
  0x00000280e98ed1b4: d817 abff 

  0x00000280e98ed1b8: ;   {other}
  0x00000280e98ed1b8: 0f1f 8400 | a80f 000c | 4c8b 5424 | 2041 c642 | 2801 f083 | 4424 c000 | 418b 6a30 | 85ed 0f85 
  0x00000280e98ed1d8: 0412 0000 | 418b 6a34 | 85ed 0f85 | 0c12 0000 

  0x00000280e98ed1e8: ;   {static_call}
  0x00000280e98ed1e8: 33d2 90e8 

  0x00000280e98ed1ec: ; ImmutableOopMap {[48]=Oop }
                      ;*invokestatic ensureMaterializedForStackWalk {reexecute=0 rethrow=0 return_oop=0}
                      ; - java.security.AccessController::executePrivileged@56 (line 786)
                      ; - java.security.AccessController::doPrivileged@13 (line 400)
                      ; - java.security.ProtectionDomain$JavaSecurityAccessImpl::doIntersectionPrivilege@18 (line 87)
                      ; - java.awt.EventQueue::dispatchEvent@46 (line 742)
  0x00000280e98ed1ec: d06d f6ff 

  0x00000280e98ed1f0: ;   {other}
  0x00000280e98ed1f0: 0f1f 8400 | e00f 000d | 4881 c480 | 0000 005d 

  0x00000280e98ed200: ;   {poll_return}
  0x00000280e98ed200: 493b a758 | 0400 000f | 871e 1b00 

  0x00000280e98ed20c: ;   {metadata('java/awt/TrayIcon')}
  0x00000280e98ed20c: 00c3 4181 | fb28 cb06 | 010f 84ed | 1100 0045 | 33c0 e963 | f6ff ff85 | c90f 8516 | 0300 0044 
  0x00000280e98ed22c: 8954 2430 | 4c89 4c24 | 5048 8be8 | 488b d348 | c1e2 0345 

  0x00000280e98ed240: ;   {static_call}
  0x00000280e98ed240: 33c0 90e8 

  0x00000280e98ed244: ; ImmutableOopMap {rbp=Oop [32]=Oop [40]=Oop [56]=Oop [64]=NarrowOop [72]=Oop [80]=Oop }
                      ;*invokestatic combine {reexecute=0 rethrow=0 return_oop=1}
                      ; - java.security.AccessControlContext::optimize@245 (line 645)
                      ; - java.security.AccessController::getContext@19 (line 1026)
                      ; - java.awt.EventQueue::dispatchEvent@16 (line 736)
  0x00000280e98ed244: 381e 9eff 

  0x00000280e98ed248: ;   {other}
  0x00000280e98ed248: 0f1f 8400 | 3810 000e | 4c8b dd41 | 8b6b 104c | 8bd5 49c1 | e203 493b | c20f 85a9 | 1200 0049 
  0x00000280e98ed268: 8beb 498b | d34c 8b44 | 2450 4533 

  0x00000280e98ed274: ;   {optimized virtual_call}
  0x00000280e98ed274: c933 ffe8 

  0x00000280e98ed278: ; ImmutableOopMap {rbp=Oop [32]=Oop [40]=Oop [56]=Oop [64]=NarrowOop [72]=Oop }
                      ;*invokevirtual calculateFields {reexecute=0 rethrow=0 return_oop=0}
                      ; - java.security.AccessControlContext::optimize@288 (line 649)
                      ; - java.security.AccessController::getContext@19 (line 1026)
                      ; - java.awt.EventQueue::dispatchEvent@16 (line 736)
  0x00000280e98ed278: 0418 9eff 

  0x00000280e98ed27c: ;   {other}
  0x00000280e98ed27c: 0f1f 8400 | 6c10 000f | e9ac f5ff 

  0x00000280e98ed288: ;   {metadata('java/awt/event/InputMethodEvent')}
  0x00000280e98ed288: ff41 81fd | 20ce 0601 | 0f84 4a12 

  0x00000280e98ed294: ;   {metadata('java/awt/event/ActionEvent')}
  0x00000280e98ed294: 0000 4181 | fda8 d006 | 010f 8455 | 1200 004c | 8b54 2420 | 4d8b 5248 

  0x00000280e98ed2ac: ;   {metadata('java/awt/event/InvocationEvent')}
  0x00000280e98ed2ac: 49bb f0a1 | 0681 8002 | 0000 4d3b | d30f 8511 | 0300 004c | 8b54 2458 | 4d8b 5220 | e920 feff 
  0x00000280e98ed2cc: ff45 33c0 | 4585 c941 | 0f94 c045 | 85c9 0f85 | ff02 0000 | 458b d048 | 8be8 4889 | 7424 304c 
  0x00000280e98ed2ec: 8b44 2448 | 4c89 4424 | 2049 8bd3 | 48c1 e203 | 4533 c044 | 8954 2438 

  0x00000280e98ed304: ;   {static_call}
  0x00000280e98ed304: 6666 90e8 

  0x00000280e98ed308: ; ImmutableOopMap {rbp=Oop [32]=Oop [40]=Oop [48]=Oop [72]=Oop }
                      ;*invokestatic combine {reexecute=0 rethrow=0 return_oop=1}
                      ; - java.security.AccessControlContext::optimize@245 (line 645)
                      ; - java.security.ProtectionDomain$JavaSecurityAccessImpl::getCombinedACC@26 (line 113)
                      ; - java.security.ProtectionDomain$JavaSecurityAccessImpl::doIntersectionPrivilege@15 (line 89)
                      ; - java.awt.EventQueue::dispatchEvent@46 (line 742)
  0x00000280e98ed308: 741d 9eff 

  0x00000280e98ed30c: ;   {other}
  0x00000280e98ed30c: 0f1f 8400 | fc10 0010 | 4c8b c541 | 8b68 104c | 8bdd 49c1 | e303 493b | c30f 8529 | 1200 0049 
  0x00000280e98ed32c: 8be8 498b | d04c 8b44 | 2430 4533 

  0x00000280e98ed338: ;   {optimized virtual_call}
  0x00000280e98ed338: c933 ffe8 

  0x00000280e98ed33c: ; ImmutableOopMap {rbp=Oop [32]=Oop [40]=Oop [72]=Oop }
                      ;*invokevirtual calculateFields {reexecute=0 rethrow=0 return_oop=0}
                      ; - java.security.AccessControlContext::optimize@288 (line 649)
                      ; - java.security.ProtectionDomain$JavaSecurityAccessImpl::getCombinedACC@26 (line 113)
                      ; - java.security.ProtectionDomain$JavaSecurityAccessImpl::doIntersectionPrivilege@15 (line 89)
                      ; - java.awt.EventQueue::dispatchEvent@46 (line 742)
  0x00000280e98ed33c: 4017 9eff 

  0x00000280e98ed340: ;   {other}
  0x00000280e98ed340: 0f1f 8400 | 3011 0011 | 4889 6c24 | 30e9 79fa | ffff 4533 | d245 85db | 410f 94c2 | 4585 db0f 
  0x00000280e98ed360: 85ba 0200 | 0048 8bd1 | 48c1 e203 | 4533 c048 | 8be8 4489 

  0x00000280e98ed374: ;   {static_call}
  0x00000280e98ed374: 5424 28e8 

  0x00000280e98ed378: ; ImmutableOopMap {rbp=Oop [56]=Oop [64]=Oop [72]=Oop [80]=NarrowOop }
                      ;*invokestatic combine {reexecute=0 rethrow=0 return_oop=1}
                      ; - java.security.AccessControlContext::optimize@245 (line 645)
                      ; - java.security.ProtectionDomain$JavaSecurityAccessImpl::getCombinedACC@26 (line 113)
                      ; - java.security.ProtectionDomain$JavaSecurityAccessImpl::doIntersectionPrivilege@15 (line 89)
                      ; - java.awt.EventQueue::dispatchEvent@73 (line 744)
  0x00000280e98ed378: 041d 9eff 

  0x00000280e98ed37c: ;   {other}
  0x00000280e98ed37c: 0f1f 8400 | 6c11 0012 | 8b6d 104c | 8bdd 49c1 | e303 493b | c30f 85d9 | 1100 004c | 8b54 2438 
  0x00000280e98ed39c: 4c89 5424 | 284c 8b54 | 2440 448b | 4424 5044 | 8944 2420 | 488b 6c24 | 4848 8b54 | 2428 4d8b 
  0x00000280e98ed3bc: c245 33c9 

  0x00000280e98ed3c0: ;   {optimized virtual_call}
  0x00000280e98ed3c0: 33ff 90e8 

  0x00000280e98ed3c4: ; ImmutableOopMap {rbp=Oop [32]=NarrowOop [40]=Oop [56]=Oop [72]=Oop [80]=NarrowOop }
                      ;*invokevirtual calculateFields {reexecute=0 rethrow=0 return_oop=0}
                      ; - java.security.AccessControlContext::optimize@288 (line 649)
                      ; - java.security.ProtectionDomain$JavaSecurityAccessImpl::getCombinedACC@26 (line 113)
                      ; - java.security.ProtectionDomain$JavaSecurityAccessImpl::doIntersectionPrivilege@15 (line 89)
                      ; - java.awt.EventQueue::dispatchEvent@73 (line 744)
  0x00000280e98ed3c4: b816 9eff 

  0x00000280e98ed3c8: ;   {other}
  0x00000280e98ed3c8: 0f1f 8400 | b811 0013 | e9ba f5ff | ff45 33db | 4585 c041 | 0f94 c345 | 85c0 0f85 | 7c02 0000 
  0x00000280e98ed3e8: 498b d248 | c1e2 0345 | 33c0 4489 

  0x00000280e98ed3f4: ;   {static_call}
  0x00000280e98ed3f4: 5c24 40e8 

  0x00000280e98ed3f8: ; ImmutableOopMap {[56]=Oop [72]=Oop [80]=Oop [88]=Oop }
                      ;*invokestatic combine {reexecute=0 rethrow=0 return_oop=1}
                      ; - java.security.AccessControlContext::optimize@245 (line 645)
                      ; - java.security.ProtectionDomain$JavaSecurityAccessImpl::getCombinedACC@26 (line 113)
                      ; - java.security.ProtectionDomain$JavaSecurityAccessImpl::doIntersectionPrivilege@15 (line 89)
                      ; - java.security.ProtectionDomain$JavaSecurityAccessImpl::doIntersectionPrivilege@6 (line 98)
                      ; - java.awt.EventQueue$5::run@11 (line 747)
                      ; - java.awt.EventQueue$5::run@1 (line 745)
                      ; - java.security.AccessController::executePrivileged@29 (line 778)
                      ; - java.security.AccessController::doPrivileged@13 (line 400)
                      ; - java.security.ProtectionDomain$JavaSecurityAccessImpl::doIntersectionPrivilege@18 (line 87)
                      ; - java.awt.EventQueue::dispatchEvent@73 (line 744)
  0x00000280e98ed3f8: a465 fcff 

  0x00000280e98ed3fc: ;   {other}
  0x00000280e98ed3fc: 0f1f 8400 | ec11 0014 | 4c8b 5c24 | 5041 8b6b | 104c 8bdd | 49c1 e303 | 493b c30f | 858b 1100 
  0x00000280e98ed41c: 0048 8b54 | 2450 4c8b | 4424 5845 | 33c9 33ff 

  0x00000280e98ed42c: ;   {optimized virtual_call}
  0x00000280e98ed42c: 6666 90e8 

  0x00000280e98ed430: ; ImmutableOopMap {[56]=Oop [72]=Oop [80]=Oop }
                      ;*invokevirtual calculateFields {reexecute=0 rethrow=0 return_oop=0}
                      ; - java.security.AccessControlContext::optimize@288 (line 649)
                      ; - java.security.ProtectionDomain$JavaSecurityAccessImpl::getCombinedACC@26 (line 113)
                      ; - java.security.ProtectionDomain$JavaSecurityAccessImpl::doIntersectionPrivilege@15 (line 89)
                      ; - java.security.ProtectionDomain$JavaSecurityAccessImpl::doIntersectionPrivilege@6 (line 98)
                      ; - java.awt.EventQueue$5::run@11 (line 747)
                      ; - java.awt.EventQueue$5::run@1 (line 745)
                      ; - java.security.AccessController::executePrivileged@29 (line 778)
                      ; - java.security.AccessController::doPrivileged@13 (line 400)
                      ; - java.security.ProtectionDomain$JavaSecurityAccessImpl::doIntersectionPrivilege@18 (line 87)
                      ; - java.awt.EventQueue::dispatchEvent@73 (line 744)
  0x00000280e98ed430: 0ca3 ffff 

  0x00000280e98ed434: ;   {other}
  0x00000280e98ed434: 0f1f 8400 | 2412 0015 | e9c4 f7ff | ff45 85c9 | 0f85 5f02 | 0000 498b | d048 c1e2 | 0345 33c0 
  0x00000280e98ed454: 894c 2424 

  0x00000280e98ed458: ;   {static_call}
  0x00000280e98ed458: 6666 90e8 

  0x00000280e98ed45c: ; ImmutableOopMap {[56]=Oop [64]=Oop [72]=Oop [80]=NarrowOop [88]=Oop }
                      ;*invokestatic combine {reexecute=0 rethrow=0 return_oop=1}
                      ; - java.security.AccessControlContext::optimize@245 (line 645)
                      ; - java.security.AccessController::getContext@19 (line 1026)
                      ; - java.security.ProtectionDomain$JavaSecurityAccessImpl::doIntersectionPrivilege@2 (line 99)
                      ; - java.awt.EventQueue$5::run@11 (line 747)
                      ; - java.awt.EventQueue$5::run@1 (line 745)
                      ; - java.security.AccessController::executePrivileged@29 (line 778)
                      ; - java.security.AccessController::doPrivileged@13 (line 400)
                      ; - java.security.ProtectionDomain$JavaSecurityAccessImpl::doIntersectionPrivilege@18 (line 87)
                      ; - java.awt.EventQueue::dispatchEvent@73 (line 744)
  0x00000280e98ed45c: 201c 9eff 

  0x00000280e98ed460: ;   {other}
  0x00000280e98ed460: 0f1f 8400 | 5012 0016 | 4c8b 5c24 | 4041 8b6b | 104c 8bdd | 49c1 e303 | 493b c30f | 8553 1100 
  0x00000280e98ed480: 004c 8b54 | 2458 488b | 6c24 4048 | 8bd5 4d8b | c245 33c9 

  0x00000280e98ed494: ;   {optimized virtual_call}
  0x00000280e98ed494: 33ff 90e8 

  0x00000280e98ed498: ; ImmutableOopMap {rbp=Oop [56]=Oop [64]=Oop [72]=Oop [80]=NarrowOop }
                      ;*invokevirtual calculateFields {reexecute=0 rethrow=0 return_oop=0}
                      ; - java.security.AccessControlContext::optimize@288 (line 649)
                      ; - java.security.AccessController::getContext@19 (line 1026)
                      ; - java.security.ProtectionDomain$JavaSecurityAccessImpl::doIntersectionPrivilege@2 (line 99)
                      ; - java.awt.EventQueue$5::run@11 (line 747)
                      ; - java.awt.EventQueue$5::run@1 (line 745)
                      ; - java.security.AccessController::executePrivileged@29 (line 778)
                      ; - java.security.AccessController::doPrivileged@13 (line 400)
                      ; - java.security.ProtectionDomain$JavaSecurityAccessImpl::doIntersectionPrivilege@18 (line 87)
                      ; - java.awt.EventQueue::dispatchEvent@73 (line 744)
  0x00000280e98ed498: e415 9eff 

  0x00000280e98ed49c: ;   {other}
  0x00000280e98ed49c: 0f1f 8400 | 8c12 0017 | e9cf f5ff | ff47 8b4c | dc14 4585 | c90f 84bf | fcff ff47 | 8b54 cc0c 
  0x00000280e98ed4bc: 4585 d20f | 84b1 fcff | ff43 8b44 | cc0c 448b | d841 83e3 | fef0 470f | b15c cc0c | 400f 94c5 
  0x00000280e98ed4dc: 400f b6ed | 85ed 0f84 | 9415 0000 | 438b 6ccc | 1885 ed0f | 8481 fcff | ff45 8b5c 

  0x00000280e98ed4f8: ;   {metadata('java/lang/BaseVirtualThread')}
  0x00000280e98ed4f8: ec08 49ba | 1075 0280 | 8002 0000 | 49b8 0000 | 0080 8002 | 0000 4d03 | c34d 8b58 | 404d 3bda 
  0x00000280e98ed518: 0f84 4a15 | 0000 4d8d 

  0x00000280e98ed520: ;   {oop(a 'jdk/internal/misc/Unsafe'{0x000000074f000230})}
  0x00000280e98ed520: 04ec 48ba | 3002 004f | 0700 0000 

  0x00000280e98ed52c: ;   {optimized virtual_call}
  0x00000280e98ed52c: 6666 90e8 

  0x00000280e98ed530: ; ImmutableOopMap {[48]=Oop [88]=Oop }
                      ;*invokevirtual unpark {reexecute=0 rethrow=0 return_oop=0}
                      ; - java.util.concurrent.locks.LockSupport::unpark@22 (line 181)
                      ; - java.util.concurrent.locks.AbstractQueuedSynchronizer::signalNext@30 (line 645)
                      ; - java.util.concurrent.locks.AbstractQueuedSynchronizer::release@12 (line 1060)
                      ; - java.util.concurrent.locks.ReentrantLock::unlock@5 (line 494)
                      ; - java.awt.EventQueue::setCurrentEventAndMostRecentTimeImpl@168 (line 1295)
                      ; - java.awt.EventQueue::dispatchEventImpl@14 (line 772)
                      ; - java.awt.EventQueue$4::run@32 (line 720)
                      ; - java.awt.EventQueue$4::run@1 (line 714)
                      ; - java.security.AccessController::executePrivileged@29 (line 778)
                      ; - java.security.AccessController::doPrivileged@13 (line 400)
                      ; - java.security.ProtectionDomain$JavaSecurityAccessImpl::doIntersectionPrivilege@18 (line 87)
                      ; - java.awt.EventQueue::dispatchEvent@46 (line 742)
  0x00000280e98ed530: 4c15 9eff 

  0x00000280e98ed534: ;   {other}
  0x00000280e98ed534: 0f1f 8400 | 2413 0018 | e935 fcff | ff41 8b6c | dc0c 83fd | 010f 85c1 | 1100 0085 | ed0f 86bd 
  0x00000280e98ed554: 1000 0045 | 8b44 dc10 | 458b 5ccc | 0c45 85db | 0f86 f610 | 0000 418b | 6ccc 1044 | 3bc5 0f85 
  0x00000280e98ed574: dc11 0000 | 498b e9e9 | b5f2 ffff | 498b 9fb8 | 0100 004c | 8bd3 4983 | c228 4d3b | 97c8 0100 
  0x00000280e98ed594: 000f 8357 | 0900 004d | 8997 b801 | 0000 410f | 0d8a c000 | 0000 48c7 | 0301 0000 

  0x00000280e98ed5b0: ;   {metadata('java/security/AccessControlContext')}
  0x00000280e98ed5b0: 00c7 4308 | 7871 0200 | 4c89 6310 | 4c89 6318 | 4c89 6320 | c743 0c01 | 0100 00e9 | 68f2 ffff 
  0x00000280e98ed5d0: 49ba 0000 | 0000 0000 | 0080 e90e | fbff ff43 | 8b6c dc0c | 83fd 010f | 85f1 1200 | 0085 ed0f 
  0x00000280e98ed5f0: 86bb 1000 | 0047 8b54 | cc0c 438b | 4cdc 1045 | 85d2 0f86 | d810 0000 | 438b 6ccc | 103b cd0f 
  0x00000280e98ed610: 85ef 1200 | 0048 8974 | 2430 e9ac | f7ff ff41 | 8b6c cc0c | 83fd 010f | 8503 1300 | 0085 ed0f 
  0x00000280e98ed630: 8667 1100 | 0041 8b4c | cc10 478b | 44dc 0c45 | 85c0 0f86 | 7811 0000 | 438b 6cdc | 103b cd0f 
  0x00000280e98ed650: 8507 1300 | 004c 8b54 | 2440 4c89 | 5424 38e9 | 2bf3 ffff | 438b 6cd4 | 0c83 fd01 | 0f85 1a13 
  0x00000280e98ed670: 0000 85ed | 0f86 7611 | 0000 438b | 4cc4 0c47 | 8b4c d410 | 85c9 0f86 | 8c11 0000 | 438b 6cc4 
  0x00000280e98ed690: 1044 3bcd | 0f85 1a13 | 0000 4c8b | 5424 584c | 8954 2450 | e95c f5ff | ff43 8b6c | c40c 83fd 
  0x00000280e98ed6b0: ;   {no_reloc}
  0x00000280e98ed6b0: 010f 8535 | 1300 0085 | ed0f 8681 | 1100 0047 | 8b5c c410 | 478b 54cc | 0c45 85d2 | 0f86 9e11 
  0x00000280e98ed6d0: 0000 438b | 6ccc 1044 | 3bdd 0f85 | 4813 0000 | 4889 4424 | 40e9 8ef3 | ffff 498b | 9fb8 0100 
  0x00000280e98ed6f0: 004c 8bd3 | 4983 c228 | 4d3b 97c8 | 0100 000f | 8336 0800 | 004d 8997 | b801 0000 | 410f 0d8a 
  0x00000280e98ed710: c000 0000 | 48c7 0301 

  0x00000280e98ed718: ;   {metadata('java/security/AccessControlContext')}
  0x00000280e98ed718: 0000 00c7 | 4308 7871 | 0200 4c89 | 6310 4c89 | 6318 4c89 | 6320 c743 | 0c01 0100 | 00e9 43f3 
  0x00000280e98ed738: ffff 6666 | 9048 b800 | 3827 c680 

  0x00000280e98ed744: ;   {virtual_call}
  0x00000280e98ed744: 0200 00e8 

  0x00000280e98ed748: ; ImmutableOopMap {[48]=Oop }
                      ;*invokeinterface dispatch {reexecute=0 rethrow=0 return_oop=0}
                      ; - java.awt.EventQueue::dispatchEventImpl@21 (line 773)
                      ; - java.awt.EventQueue$4::run@32 (line 720)
                      ; - java.awt.EventQueue$4::run@1 (line 714)
                      ; - java.security.AccessController::executePrivileged@29 (line 778)
                      ; - java.security.AccessController::doPrivileged@13 (line 400)
                      ; - java.security.ProtectionDomain$JavaSecurityAccessImpl::doIntersectionPrivilege@18 (line 87)
                      ; - java.awt.EventQueue::dispatchEvent@46 (line 742)
  0x00000280e98ed748: 4412 abff 

  0x00000280e98ed74c: ;   {other}
  0x00000280e98ed74c: 0f1f 8400 | 3c15 0019 | e98f faff | ff45 33db | e9f5 f9ff | ff41 8b4c | f40c 48c1 | e103 4c8b 
  0x00000280e98ed76c: 5c24 2849 | 3bcb 0f84 | b304 0000 | 48ff 7424 | 4848 8f44 | 2450 4c89 | 7424 484c | 8944 2440 
  0x00000280e98ed78c: 48ff 7424 | 5848 8f44 | 2438 4489 | 6c24 2844 | 8954 2424 | 895c 2420 | 498b eb49 | 8bd1 41b8 
  0x00000280e98ed7ac: 0100 0000 

  0x00000280e98ed7b0: ;   {optimized virtual_call}
  0x00000280e98ed7b0: 6666 90e8 

  0x00000280e98ed7b4: ; ImmutableOopMap {rbp=Oop [32]=NarrowOop [36]=NarrowOop [48]=Oop [56]=Oop [80]=Oop [88]=Oop }
                      ;*invokevirtual acquire {reexecute=0 rethrow=0 return_oop=0}
                      ; - java.util.concurrent.locks.ReentrantLock$Sync::lock@9 (line 153)
                      ; - java.util.concurrent.locks.ReentrantLock::lock@4 (line 322)
                      ; - java.awt.EventQueue::setCurrentEventAndMostRecentTimeImpl@4 (line 1260)
                      ; - java.awt.EventQueue::dispatchEventImpl@14 (line 772)
                      ; - java.awt.EventQueue$4::run@32 (line 720)
                      ; - java.awt.EventQueue$4::run@1 (line 714)
                      ; - java.security.AccessController::executePrivileged@29 (line 778)
                      ; - java.security.AccessController::doPrivileged@13 (line 400)
                      ; - java.security.ProtectionDomain$JavaSecurityAccessImpl::doIntersectionPrivilege@18 (line 87)
                      ; - java.awt.EventQueue::dispatchEvent@46 (line 742)
  0x00000280e98ed7b4: d415 0000 

  0x00000280e98ed7b8: ;   {other}
  0x00000280e98ed7b8: 0f1f 8400 | a815 001a | 4c8b dd8b | 5c24 2044 | 8b54 2424 | 448b 6c24 | 284c 8b44 | 2440 4c8b 
  0x00000280e98ed7d8: 7424 4848 | ff74 2450 | 488f 4424 | 48e9 bff7 | ffff 448b | 5e18 4585 | db0f 840b | f5ff ff4d 
  0x00000280e98ed7f8: 8b57 2849 | 8bcb 48c1 | e103 4d85 | d20f 84f5 | 0800 004d | 8b5f 304b | 894c 13f8 | 4983 c2f8 
  0x00000280e98ed818: 4d89 5728 | e9e1 f4ff | ff4d 8b57 | 404d 8b5f | 48f0 8344 | 24c0 0080 | 3900 0f84 | fdf4 ffff 
  0x00000280e98ed838: 4488 214d | 85d2 751d | 498b d749 | ba10 3fed | 3ffe 7f00 | 0041 ffd2 

  0x00000280e98ed850: ;   {other}
  0x00000280e98ed850: 0f1f 8400 | 0000 0000 | e9d8 f4ff | ff4b 894c | 13f8 4983 | c2f8 4d89 | 5740 e9c6 | f4ff ff4d 
  0x00000280e98ed870: 8b57 404d | 8b5f 48f0 | 8344 24c0 | 0080 3900 | 0f84 71f4 | ffff 4488 | 214d 85d2 | 752d 4889 
  0x00000280e98ed890: 7424 204c | 8bf3 498b | d749 ba10 | 3fed 3ffe | 7f00 0041 

  0x00000280e98ed8a4: ;   {other}
  0x00000280e98ed8a4: ffd2 0f1f | 8400 0000 | 0000 498b | de48 8b74 | 2420 e93c | f4ff ff4b | 894c 13f8 | 4983 c2f8 
  0x00000280e98ed8c4: 4d89 5740 | e92a f4ff | ff4c 8b54 | 2458 458b | 5218 4585 | d20f 844d | f2ff ff4d | 8b5f 2849 
  0x00000280e98ed8e4: 8bca 48c1 | e103 4d85 | db0f 843a | 0800 004d | 8b57 304b | 894c 1af8 | 4983 c3f8 | 4d89 5f28 
  0x00000280e98ed904: e923 f2ff | ff4d 8b57 | 404d 8b5f | 48f0 8344 | 24c0 0041 | 8038 000f | 8447 f2ff | ff45 8820 
  0x00000280e98ed924: 4d85 d275 | 2049 8bc8 | 498b d749 | ba10 3fed | 3ffe 7f00 | 0041 ffd2 

  0x00000280e98ed93c: ;   {other}
  0x00000280e98ed93c: 0f1f 8400 | 0000 0000 | e91f f2ff | ff4f 8944 | 13f8 4983 | c2f8 4d89 | 5740 e90d | f2ff ff4d 
  0x00000280e98ed95c: 8b57 404d | 8b5f 48f0 | 8344 24c0 | 0080 3900 | 0f84 aff1 | ffff 4488 | 214d 85d2 | 751d 498b 
  0x00000280e98ed97c: d749 ba10 | 3fed 3ffe | 7f00 0041 

  0x00000280e98ed988: ;   {other}
  0x00000280e98ed988: ffd2 0f1f | 8400 0000 | 0000 e98a | f1ff ff4b | 894c 13f8 | 4983 c2f8 | 4d89 5740 | e978 f1ff 
  0x00000280e98ed9a8: ff45 8b54 | fc40 4585 | d20f 84d8 | f6ff ff4d | 8b5f 2849 | 8bca 48c1 | e103 4d85 | db0f 84f5 
  0x00000280e98ed9c8: 0800 004d | 8b57 304b | 894c 1af8 | 4983 c3f8 | 4d89 5f28 | e9ae f6ff | ff44 8b48 | 1045 85c9 
  0x00000280e98ed9e8: 746d 498b | 5728 498b | c948 c1e1 | 0348 85d2 | 0f84 df08 | 0000 4889 | 4424 384c | 8b4c 2448 
  0x00000280e98eda08: 4c89 4c24 | 284c 8974 | 2420 4d8b | f048 8b6c | 2458 418b | fa8b f349 | 8bdb 4d8b | 5730 4989 
  0x00000280e98eda28: 4c12 f848 | 83c2 f849 | 8957 284c | 8bdb 8bde | 448b d74d | 8bc6 4c8b | 7424 2048 | 8b4c 2428 
  0x00000280e98eda48: 4889 4c24 | 4848 8b44 | 2438 4889 | 6c24 5849 | 8bf3 8bfb | 4489 5424 | 284c 8944 | 2420 e9cf 
  0x00000280e98eda68: f5ff ff4d | 8b57 404d | 8b5f 48f0 | 8344 24c0 | 0080 3900 | 0f84 fcf5 | ffff 4488 | 214d 85d2 
  0x00000280e98eda88: ;   {no_reloc}
  0x00000280e98eda88: 751d 498b | d749 ba10 | 3fed 3ffe | 7f00 0041 

  0x00000280e98eda98: ;   {other}
  0x00000280e98eda98: ffd2 0f1f | 8400 0000 | 0000 e9d7 | f5ff ff4b | 894c 13f8 | 4983 c2f8 | 4d89 5740 | e9c5 f5ff 
  0x00000280e98edab8: ff4d 8b57 | 404d 8b5f | 48f0 8344 | 24c0 0041 | 8038 000f | 84f2 f5ff | ff45 8820 | 4d85 d275 
  0x00000280e98edad8: 2049 8bc8 | 498b d749 | ba10 3fed | 3ffe 7f00 | 0041 ffd2 

  0x00000280e98edaec: ;   {other}
  0x00000280e98edaec: 0f1f 8400 | 0000 0000 | e9ca f5ff | ff4f 8944 | 13f8 4983 | c2f8 4d89 | 5740 e9b8 | f5ff ff41 
  0x00000280e98edb0c: 8b4c f40c | 85c9 0f84 | 57f4 ffff | 4d8b 5f28 | 48c1 e103 | 4d85 db0f | 84f5 0700 | 004c 894c 
  0x00000280e98edb2c: 2450 4c89 | 7424 404c | 8944 2438 | 48ff 7424 | 5848 8f44 | 2420 458b | f541 8bea | 8bfb 4d8b 
  0x00000280e98edb4c: 5730 4b89 | 4c1a f849 | 83c3 f84d | 895f 288b | df44 8bd5 | 458b ee4c | 8b44 2438 | 4c8b 7424 
  0x00000280e98edb6c: 4048 ff74 | 2420 488f | 4424 584c | 8b4c 2450 | e9ee f3ff | ff45 8b5c | dc0c 4585 | db0f 84bc 
  0x00000280e98edb8c: f5ff ff4d | 8b57 2849 | 8bcb 48c1 | e103 4d85 | d20f 84b9 | 0700 004d | 8b5f 304b | 894c 13f8 
  0x00000280e98edbac: 4983 c2f8 | 4d89 5728 | e992 f5ff | ff4d 8b4f | 4049 8b7f | 48f0 8344 | 24c0 0080 | 3900 0f84 
  0x00000280e98edbcc: d9f3 ffff | 4488 214d | 85c9 7541 | 4c89 7424 | 284c 8944 | 2420 418b | ea8b fb49 

  0x00000280e98edbe8: ;   {no_reloc}
  0x00000280e98edbe8: 8bdb 498b | d749 ba10 | 3fed 3ffe | 7f00 0041 

  0x00000280e98edbf8: ;   {other}
  0x00000280e98edbf8: ffd2 0f1f | 8400 0000 | 0000 4c8b | db8b df44 | 8bd5 4c8b | 4424 204c | 8b74 2428 | e990 f3ff 
  0x00000280e98edc18: ff4a 894c | 0ff8 4983 | c1f8 4d89 | 4f40 e97e | f3ff ff41 | 8b7c f410 | ffc7 85ff | 0f8d 9300 
  0x00000280e98edc38: 0000 498b | 87b8 0100 | 004c 8bd0 | 4983 c228 | 4d3b 97c8 | 0100 000f | 8357 0c00 | 004d 8997 
  0x00000280e98edc58: b801 0000 | 410f 0d8a | c000 0000 | 48c7 0001 

  0x00000280e98edc68: ;   {metadata('java/lang/Error')}
  0x00000280e98edc68: 0000 00c7 | 4008 3805 | 0100 4489 | 600c 4c89 | 6010 4c89 | 6018 4c89 | 6020 488b 

  0x00000280e98edc84: ;   {oop("Maximum lock count exceeded"{0x000000074f01b060})}
  0x00000280e98edc84: e849 b860 | b001 4f07 | 0000 0048 | 8bd5 4c8b | 5424 304c | 8954 2420 | 48ff 7424 | 5848 8f44 
  0x00000280e98edca4: 2428 4c89 

  0x00000280e98edca8: ;   {optimized virtual_call}
  0x00000280e98edca8: 4c24 40e8 

  0x00000280e98edcac: ; ImmutableOopMap {rbp=Oop [32]=Oop [40]=Oop [64]=Oop [72]=Oop }
                      ;*invokespecial <init> {reexecute=0 rethrow=0 return_oop=0}
                      ; - java.util.concurrent.locks.ReentrantLock$NonfairSync::initialTryLock@45 (line 231)
                      ; - java.util.concurrent.locks.ReentrantLock$Sync::lock@1 (line 152)
                      ; - java.util.concurrent.locks.ReentrantLock::lock@4 (line 322)
                      ; - java.awt.EventQueue::setCurrentEventAndMostRecentTimeImpl@4 (line 1260)
                      ; - java.awt.EventQueue::dispatchEventImpl@14 (line 772)
                      ; - java.awt.EventQueue$4::run@32 (line 720)
                      ; - java.awt.EventQueue$4::run@1 (line 714)
                      ; - java.security.AccessController::executePrivileged@29 (line 778)
                      ; - java.security.AccessController::doPrivileged@13 (line 400)
                      ; - java.security.ProtectionDomain$JavaSecurityAccessImpl::doIntersectionPrivilege@18 (line 87)
                      ; - java.awt.EventQueue::dispatchEvent@46 (line 742)
  0x00000280e98edcac: d00d 9eff 

  0x00000280e98edcb0: ;   {other}
  0x00000280e98edcb0: 0f1f 8400 | a01a 001b | 488b d5eb | 0348 8bd0 | 4881 c480 | 0000 005d 

  0x00000280e98edcc8: ;   {runtime_call _rethrow_Java}
  0x00000280e98edcc8: e9b3 21ab | ff41 897c | f410 f083 | 4424 c000 | e9cc f2ff | ff4c 8954 | 2430 448b | 5c24 4044 
  0x00000280e98edce8: 895c 2428 

  0x00000280e98edcec: ;   {metadata('java/awt/EventQueue$4')}
  0x00000280e98edcec: 498b e848 | ba70 c606 | 8180 0200 

  0x00000280e98edcf8: ;   {runtime_call _new_instance_Java}
  0x00000280e98edcf8: 0066 90e8 

  0x00000280e98edcfc: ; ImmutableOopMap {rbp=Oop [32]=Oop [40]=NarrowOop [48]=Oop [56]=Oop [64]=NarrowOop }
                      ;*new {reexecute=0 rethrow=0 return_oop=1}
                      ; - java.awt.EventQueue::dispatchEvent@5 (line 714)
  0x00000280e98edcfc: 80fe aaff 

  0x00000280e98edd00: ;   {other}
  0x00000280e98edd00: 0f1f 8400 | f01a 001c | 4c8b 5424 | 304c 8954 | 2428 e941 | eaff ff44 | 8b5c 2450 | 4489 5c24 
  0x00000280e98edd20: 3848 895c | 2430 4c8b | 5424 484c | 8954 2420 | 488b 6c24 

  0x00000280e98edd34: ;   {metadata('java/security/AccessControlContext')}
  0x00000280e98edd34: 2848 ba78 | 7102 8080 

  0x00000280e98edd3c: ;   {runtime_call _new_instance_Java}
  0x00000280e98edd3c: 0200 00e8 

  0x00000280e98edd40: ; ImmutableOopMap {rbp=Oop [32]=Oop [48]=Oop [56]=NarrowOop [72]=Oop [80]=NarrowOop }
                      ;*new {reexecute=0 rethrow=0 return_oop=1}
                      ; - java.security.ProtectionDomain$JavaSecurityAccessImpl::getCombinedACC@0 (line 110)
                      ; - java.security.ProtectionDomain$JavaSecurityAccessImpl::doIntersectionPrivilege@15 (line 89)
                      ; - java.awt.EventQueue::dispatchEvent@46 (line 742)
  0x00000280e98edd40: 3cfe aaff 

  0x00000280e98edd44: ;   {other}
  0x00000280e98edd44: 0f1f 8400 | 341b 001d | 4889 6c24 | 2848 8b5c | 2430 e93e | efff ff48 | 8974 2440 | 4889 5c24 
  0x00000280e98edd64: 384c 8b54 | 2448 4c89 | 5424 304c | 8b54 2428 | 4c89 5424 

  0x00000280e98edd78: ;   {metadata('java/security/AccessControlContext')}
  0x00000280e98edd78: 2048 ba78 | 7102 8080 

  0x00000280e98edd80: ;   {runtime_call _new_instance_Java}
  0x00000280e98edd80: 0200 00e8 

  0x00000280e98edd84: ; ImmutableOopMap {rbp=NarrowOop [32]=Oop [48]=Oop [56]=Oop [64]=Oop [72]=Oop }
                      ;*new {reexecute=0 rethrow=0 return_oop=1}
                      ; - java.security.ProtectionDomain$JavaSecurityAccessImpl::getCombinedACC@14 (line 113)
                      ; - java.security.ProtectionDomain$JavaSecurityAccessImpl::doIntersectionPrivilege@15 (line 89)
                      ; - java.awt.EventQueue::dispatchEvent@46 (line 742)
  0x00000280e98edd84: f8fd aaff 

  0x00000280e98edd88: ;   {other}
  0x00000280e98edd88: 0f1f 8400 | 781b 001e | 4c8b 5424 | 204c 8954 | 2428 488b | 5c24 3848 | 8b74 2440 | e9d0 efff 
  0x00000280e98edda8: ff44 8b5c | 2450 4489 | 5c24 304c | 8944 2428 | 4889 5c24 | 2048 8b6c 

  0x00000280e98eddc0: ;   {metadata('java/security/AccessControlContext')}
  0x00000280e98eddc0: 2448 48ba | 7871 0280 | 8002 0000 

  0x00000280e98eddcc: ;   {runtime_call _new_instance_Java}
  0x00000280e98eddcc: 6666 90e8 

  0x00000280e98eddd0: ; ImmutableOopMap {rbp=Oop [32]=Oop [40]=Oop [48]=NarrowOop [72]=Oop [80]=NarrowOop }
                      ;*new {reexecute=0 rethrow=0 return_oop=1}
                      ; - java.security.ProtectionDomain$JavaSecurityAccessImpl::getCombinedACC@0 (line 110)
                      ; - java.security.ProtectionDomain$JavaSecurityAccessImpl::doIntersectionPrivilege@15 (line 89)
                      ; - java.awt.EventQueue::dispatchEvent@73 (line 744)
  0x00000280e98eddd0: acfd aaff 

  0x00000280e98eddd4: ;   {other}
  0x00000280e98eddd4: 0f1f 8400 | c41b 001f | 488b 5c24 | 204c 8b44 | 2428 e902 | ebff ff44 | 895c 2438 | 4489 5424 
  0x00000280e98eddf4: 2c4c 8b54 | 2440 4c89 | 5424 3044 | 8b5c 2450 | 4489 5c24 | 2848 895c | 2420 488b 

  0x00000280e98ede10: ;   {metadata('java/security/AccessControlContext')}
  0x00000280e98ede10: 6c24 4848 | ba78 7102 | 8080 0200 

  0x00000280e98ede1c: ;   {runtime_call _new_instance_Java}
  0x00000280e98ede1c: 0066 90e8 

  0x00000280e98ede20: ; ImmutableOopMap {rbp=Oop [32]=Oop [40]=NarrowOop [44]=NarrowOop [48]=Oop [56]=NarrowOop [64]=Oop [72]=Oop [80]=NarrowOop }
                      ;*new {reexecute=0 rethrow=0 return_oop=1}
                      ; - java.security.ProtectionDomain$JavaSecurityAccessImpl::getCombinedACC@14 (line 113)
                      ; - java.security.ProtectionDomain$JavaSecurityAccessImpl::doIntersectionPrivilege@15 (line 89)
                      ; - java.awt.EventQueue::dispatchEvent@73 (line 744)
  0x00000280e98ede20: 5cfd aaff 

  0x00000280e98ede24: ;   {other}
  0x00000280e98ede24: 0f1f 8400 | 141c 0020 | 488b 5c24 | 2044 8b54 | 242c 448b | 5c24 38e9 | 0deb ffff 

  0x00000280e98ede40: ;   {metadata('java/security/AccessControlContext')}
  0x00000280e98ede40: 488b eb48 | ba78 7102 | 8080 0200 

  0x00000280e98ede4c: ;   {runtime_call _new_instance_Java}
  0x00000280e98ede4c: 0066 90e8 

  0x00000280e98ede50: ; ImmutableOopMap {rbp=Oop [56]=Oop [72]=Oop [80]=NarrowOop }
                      ;*new {reexecute=0 rethrow=0 return_oop=1}
                      ; - java.security.ProtectionDomain$JavaSecurityAccessImpl::getCombinedACC@0 (line 110)
                      ; - java.security.ProtectionDomain$JavaSecurityAccessImpl::doIntersectionPrivilege@15 (line 89)
                      ; - java.security.ProtectionDomain$JavaSecurityAccessImpl::doIntersectionPrivilege@6 (line 98)
                      ; - java.awt.EventQueue$5::run@11 (line 747)
                      ; - java.awt.EventQueue$5::run@1 (line 745)
                      ; - java.security.AccessController::executePrivileged@29 (line 778)
                      ; - java.security.AccessController::doPrivileged@13 (line 400)
                      ; - java.security.ProtectionDomain$JavaSecurityAccessImpl::doIntersectionPrivilege@18 (line 87)
                      ; - java.awt.EventQueue::dispatchEvent@73 (line 744)
  0x00000280e98ede50: 2cfd aaff 

  0x00000280e98ede54: ;   {other}
  0x00000280e98ede54: 0f1f 8400 | 441c 0021 | 488b dde9 | 5dec ffff 

  0x00000280e98ede64: ;   {metadata('java/security/AccessControlContext')}
  0x00000280e98ede64: 48ba 7871 | 0280 8002 | 0000 4889 

  0x00000280e98ede70: ;   {runtime_call _new_instance_Java}
  0x00000280e98ede70: 5c24 50e8 

  0x00000280e98ede74: ; ImmutableOopMap {rbp=NarrowOop [56]=Oop [72]=Oop [80]=Oop [88]=Oop }
                      ;*new {reexecute=0 rethrow=0 return_oop=1}
                      ; - java.security.ProtectionDomain$JavaSecurityAccessImpl::getCombinedACC@14 (line 113)
                      ; - java.security.ProtectionDomain$JavaSecurityAccessImpl::doIntersectionPrivilege@15 (line 89)
                      ; - java.security.ProtectionDomain$JavaSecurityAccessImpl::doIntersectionPrivilege@6 (line 98)
                      ; - java.awt.EventQueue$5::run@11 (line 747)
                      ; - java.awt.EventQueue$5::run@1 (line 745)
                      ; - java.security.AccessController::executePrivileged@29 (line 778)
                      ; - java.security.AccessController::doPrivileged@13 (line 400)
                      ; - java.security.ProtectionDomain$JavaSecurityAccessImpl::doIntersectionPrivilege@18 (line 87)
                      ; - java.awt.EventQueue::dispatchEvent@73 (line 744)
  0x00000280e98ede74: 08fd aaff 

  0x00000280e98ede78: ;   {other}
  0x00000280e98ede78: 0f1f 8400 | 681c 0022 | 488b 5c24 | 50e9 22ed | ffff 48ff | 7424 4848 | 8f44 2450 | 4c89 7424 
  0x00000280e98ede98: 484c 8944 | 2440 4489 | 6c24 2844 | 8954 2424 | 895c 2420 

  0x00000280e98edeac: ;   {metadata('java/lang/ref/WeakReference')}
  0x00000280e98edeac: 498b eb48 | baa0 7c03 | 8080 0200 

  0x00000280e98edeb8: ;   {runtime_call _new_instance_Java}
  0x00000280e98edeb8: 0066 90e8 

  0x00000280e98edebc: ; ImmutableOopMap {rbp=Oop [32]=NarrowOop [36]=NarrowOop [48]=Oop [80]=Oop [88]=Oop }
                      ;*new {reexecute=0 rethrow=0 return_oop=1}
                      ; - java.awt.EventQueue::setCurrentEventAndMostRecentTimeImpl@36 (line 1266)
                      ; - java.awt.EventQueue::dispatchEventImpl@14 (line 772)
                      ; - java.awt.EventQueue$4::run@32 (line 720)
                      ; - java.awt.EventQueue$4::run@1 (line 714)
                      ; - java.security.AccessController::executePrivileged@29 (line 778)
                      ; - java.security.AccessController::doPrivileged@13 (line 400)
                      ; - java.security.ProtectionDomain$JavaSecurityAccessImpl::doIntersectionPrivilege@18 (line 87)
                      ; - java.awt.EventQueue::dispatchEvent@46 (line 742)
  0x00000280e98edebc: c0fc aaff 

  0x00000280e98edec0: ;   {other}
  0x00000280e98edec0: 0f1f 8400 | b01c 0023 | 4c8b dd8b | 5c24 2044 | 8b54 2424 | 448b 6c24 | 284c 8b44 | 2440 4c8b 
  0x00000280e98edee0: 7424 4848 | ff74 2450 | 488f 4424 | 48e9 2af1 | ffff 4c8b | 5424 284c | 8954 2430 | 448b 5424 
  0x00000280e98edf00: 4044 8954 | 2428 488b 

  0x00000280e98edf08: ;   {metadata('java/security/AccessControlContext')}
  0x00000280e98edf08: 6c24 3848 | ba78 7102 | 8080 0200 

  0x00000280e98edf14: ;   {runtime_call _new_instance_Java}
  0x00000280e98edf14: 0066 90e8 

  0x00000280e98edf18: ; ImmutableOopMap {rbp=Oop [32]=Oop [40]=NarrowOop [48]=Oop [64]=NarrowOop [72]=Oop }
                      ;*new {reexecute=0 rethrow=0 return_oop=1}
                      ; - java.security.AccessController::getContext@8 (line 1024)
                      ; - java.awt.EventQueue::dispatchEvent@16 (line 736)
  0x00000280e98edf18: 64fc aaff 

  0x00000280e98edf1c: ;   {other}
  0x00000280e98edf1c: 0f1f 8400 | 0c1d 0024 | 4889 6c24 | 384c 8b5c | 2430 4c89 | 5c24 2848 | 8bd8 e989 

  0x00000280e98edf38: ;   {metadata('java/security/AccessControlContext')}
  0x00000280e98edf38: f6ff ff48 | ba78 7102 | 8080 0200 

  0x00000280e98edf44: ;   {runtime_call _new_instance_Java}
  0x00000280e98edf44: 0066 90e8 

  0x00000280e98edf48: ; ImmutableOopMap {[56]=Oop [72]=Oop [80]=NarrowOop }
                      ;*new {reexecute=0 rethrow=0 return_oop=1}
                      ; - java.security.AccessController::getContext@8 (line 1024)
                      ; - java.security.ProtectionDomain$JavaSecurityAccessImpl::doIntersectionPrivilege@2 (line 99)
                      ; - java.awt.EventQueue$5::run@11 (line 747)
                      ; - java.awt.EventQueue$5::run@1 (line 745)
                      ; - java.security.AccessController::executePrivileged@29 (line 778)
                      ; - java.security.AccessController::doPrivileged@13 (line 400)
                      ; - java.security.ProtectionDomain$JavaSecurityAccessImpl::doIntersectionPrivilege@18 (line 87)
                      ; - java.awt.EventQueue::dispatchEvent@73 (line 744)
  0x00000280e98edf48: 34fc aaff 

  0x00000280e98edf4c: ;   {other}
  0x00000280e98edf4c: 0f1f 8400 | 3c1d 0025 | 488b d8e9 | d2f7 ffff | baec ffff 

  0x00000280e98edf60: ;   {runtime_call UncommonTrapBlob}
  0x00000280e98edf60: ff66 90e8 

  0x00000280e98edf64: ; ImmutableOopMap {rbp=NarrowOop [48]=Oop [72]=Oop }
                      ;*ifnull {reexecute=1 rethrow=0 return_oop=0}
                      ; - (reexecute) java.awt.EventQueue$4::run@7 (line 719)
                      ; - java.awt.EventQueue$4::run@1 (line 714)
                      ; - java.security.AccessController::executePrivileged@29 (line 778)
                      ; - java.security.AccessController::doPrivileged@13 (line 400)
                      ; - java.security.ProtectionDomain$JavaSecurityAccessImpl::doIntersectionPrivilege@18 (line 87)
                      ; - java.awt.EventQueue::dispatchEvent@46 (line 742)
  0x00000280e98edf64: 9866 9eff 

  0x00000280e98edf68: ;   {other}
  0x00000280e98edf68: 0f1f 8400 | 581d 0026 | 33ed 85db | 400f 94c5 | ba45 ffff | ff4c 8b44 | 2438 4c89 | 4424 2844 
  0x00000280e98edf88: 8b44 2440 | 4489 4424 | 304c 8b44 | 2448 4c89 | 4424 3848 | 8944 2440 | 4c89 4c24 | 4844 8954 
  0x00000280e98edfa8: 2434 894c | 2450 4489 

  0x00000280e98edfb0: ;   {runtime_call UncommonTrapBlob}
  0x00000280e98edfb0: 5c24 54e8 

  0x00000280e98edfb4: ; ImmutableOopMap {[32]=Oop [40]=Oop [48]=NarrowOop [56]=Oop [64]=Oop [72]=Oop [80]=NarrowOop }
                      ;*ifne {reexecute=1 rethrow=0 return_oop=0}
                      ; - (reexecute) java.security.AccessControlContext::optimize@116 (line 614)
                      ; - java.security.AccessController::getContext@19 (line 1026)
                      ; - java.awt.EventQueue::dispatchEvent@16 (line 736)
  0x00000280e98edfb4: 4866 9eff 

  0x00000280e98edfb8: ;   {other}
  0x00000280e98edfb8: 0f1f 8400 | a81d 0027 | ba45 ffff | ff48 895c | 2430 4c89 

  0x00000280e98edfcc: ;   {runtime_call UncommonTrapBlob}
  0x00000280e98edfcc: 4424 38e8 

  0x00000280e98edfd0: ; ImmutableOopMap {rbp=NarrowOop [32]=Oop [48]=Oop [56]=Oop [72]=Oop }
                      ;*ifnonnull {reexecute=1 rethrow=0 return_oop=0}
                      ; - (reexecute) java.awt.AWTEvent::getAccessControlContext@4 (line 127)
                      ; - java.awt.EventQueue::dispatchEvent@28 (line 740)
  0x00000280e98edfd0: 2c66 9eff 

  0x00000280e98edfd4: ;   {other}
  0x00000280e98edfd4: 0f1f 8400 | c41d 0028 | ba45 ffff | ff4c 8b54 | 2438 4c89 | 5424 2844 | 8b54 2440 | 4489 5424 
  0x00000280e98edff4: 304c 8b54 | 2448 4c89 | 5424 3848 | 8944 2440 | 4c89 4c24 | 4889 4c24 

  0x00000280e98ee00c: ;   {runtime_call UncommonTrapBlob}
  0x00000280e98ee00c: 3466 90e8 

  0x00000280e98ee010: ; ImmutableOopMap {rbp=NarrowOop [32]=Oop [40]=Oop [48]=NarrowOop [52]=NarrowOop [56]=Oop [64]=Oop [72]=Oop }
                      ;*ifnull {reexecute=1 rethrow=0 return_oop=0}
                      ; - (reexecute) java.security.AccessControlContext::optimize@138 (line 616)
                      ; - java.security.AccessController::getContext@19 (line 1026)
                      ; - java.awt.EventQueue::dispatchEvent@16 (line 736)
  0x00000280e98ee010: ec65 9eff 

  0x00000280e98ee014: ;   {other}
  0x00000280e98ee014: 0f1f 8400 | 041e 0029 | ba45 ffff | ff4c 8b54 | 2438 4c89 | 5424 2848 | 895c 2438 

  0x00000280e98ee030: ;   {runtime_call UncommonTrapBlob}
  0x00000280e98ee030: 6666 90e8 

  0x00000280e98ee034: ; ImmutableOopMap {rbp=NarrowOop [32]=Oop [40]=Oop [56]=Oop [72]=Oop }
                      ;*ifnonnull {reexecute=1 rethrow=0 return_oop=0}
                      ; - (reexecute) java.awt.Component::getAccessControlContext@4 (line 719)
                      ; - java.awt.EventQueue::getAccessControlContextFrom@11 (line 757)
                      ; - java.awt.EventQueue::dispatchEvent@22 (line 738)
  0x00000280e98ee034: c865 9eff 

  0x00000280e98ee038: ;   {other}
  0x00000280e98ee038: 0f1f 8400 | 281e 002a | baf6 ffff | ff89 5c24 | 2444 8954 

  0x00000280e98ee04c: ;   {runtime_call UncommonTrapBlob}
  0x00000280e98ee04c: 2428 90e8 

  0x00000280e98ee050: ; ImmutableOopMap {[36]=NarrowOop [40]=NarrowOop [48]=Oop }
                      ;*invokevirtual lock {reexecute=0 rethrow=0 return_oop=0}
                      ; - java.util.concurrent.locks.ReentrantLock::lock@4 (line 322)
                      ; - java.awt.EventQueue::setCurrentEventAndMostRecentTimeImpl@4 (line 1260)
                      ; - java.awt.EventQueue::dispatchEventImpl@14 (line 772)
                      ; - java.awt.EventQueue$4::run@32 (line 720)
                      ; - java.awt.EventQueue$4::run@1 (line 714)
                      ; - java.security.AccessController::executePrivileged@29 (line 778)
                      ; - java.security.AccessController::doPrivileged@13 (line 400)
                      ; - java.security.ProtectionDomain$JavaSecurityAccessImpl::doIntersectionPrivilege@18 (line 87)
                      ; - java.awt.EventQueue::dispatchEvent@46 (line 742)
  0x00000280e98ee050: ac65 9eff 

  0x00000280e98ee054: ;   {other}
  0x00000280e98ee054: 0f1f 8400 | 441e 002b | bade ffff | ff4c 8b5c | 2430 4c89 | 5c24 2089 | 5c24 2c44 | 8954 2430 
  0x00000280e98ee074: ;   {runtime_call UncommonTrapBlob}
  0x00000280e98ee074: 6666 90e8 

  0x00000280e98ee078: ; ImmutableOopMap {rbp=NarrowOop [32]=Oop [44]=NarrowOop [48]=NarrowOop }
                      ;*invokeinterface lock {reexecute=0 rethrow=0 return_oop=0}
                      ; - java.awt.EventQueue::setCurrentEventAndMostRecentTimeImpl@4 (line 1260)
                      ; - java.awt.EventQueue::dispatchEventImpl@14 (line 772)
                      ; - java.awt.EventQueue$4::run@32 (line 720)
                      ; - java.awt.EventQueue$4::run@1 (line 714)
                      ; - java.security.AccessController::executePrivileged@29 (line 778)
                      ; - java.security.AccessController::doPrivileged@13 (line 400)
                      ; - java.security.ProtectionDomain$JavaSecurityAccessImpl::doIntersectionPrivilege@18 (line 87)
                      ; - java.awt.EventQueue::dispatchEvent@46 (line 742)
  0x00000280e98ee078: 8465 9eff 

  0x00000280e98ee07c: ;   {other}
  0x00000280e98ee07c: 0f1f 8400 | 6c1e 002c | bade ffff 

  0x00000280e98ee088: ;   {runtime_call UncommonTrapBlob}
  0x00000280e98ee088: ff66 90e8 

  0x00000280e98ee08c: ; ImmutableOopMap {rbp=NarrowOop [40]=NarrowOop [48]=Oop }
                      ;*invokeinterface unlock {reexecute=0 rethrow=0 return_oop=0}
                      ; - java.awt.EventQueue::setCurrentEventAndMostRecentTimeImpl@168 (line 1295)
                      ; - java.awt.EventQueue::dispatchEventImpl@14 (line 772)
                      ; - java.awt.EventQueue$4::run@32 (line 720)
                      ; - java.awt.EventQueue$4::run@1 (line 714)
                      ; - java.security.AccessController::executePrivileged@29 (line 778)
                      ; - java.security.AccessController::doPrivileged@13 (line 400)
                      ; - java.security.ProtectionDomain$JavaSecurityAccessImpl::doIntersectionPrivilege@18 (line 87)
                      ; - java.awt.EventQueue::dispatchEvent@46 (line 742)
  0x00000280e98ee08c: 7065 9eff 

  0x00000280e98ee090: ;   {other}
  0x00000280e98ee090: 0f1f 8400 | 801e 002d | ba45 ffff | ff4c 8b54 | 2438 4c89 | 5424 2844 | 8b5c 2440 | 4489 5c24 
  0x00000280e98ee0b0: 3048 8944 | 2440 4489 

  0x00000280e98ee0b8: ;   {runtime_call UncommonTrapBlob}
  0x00000280e98ee0b8: 4424 34e8 

  0x00000280e98ee0bc: ; ImmutableOopMap {[32]=Oop [40]=Oop [48]=NarrowOop [52]=NarrowOop [64]=Oop [72]=Oop }
                      ;*ifeq {reexecute=1 rethrow=0 return_oop=0}
                      ; - (reexecute) java.security.AccessControlContext::optimize@27 (line 583)
                      ; - java.security.AccessController::getContext@19 (line 1026)
                      ; - java.awt.EventQueue::dispatchEvent@16 (line 736)
  0x00000280e98ee0bc: 4065 9eff 

  0x00000280e98ee0c0: ;   {other}
  0x00000280e98ee0c0: 0f1f 8400 | b01e 002e | ba45 ffff | ff4c 8b54 | 2438 4c89 | 5424 2844 | 8b54 2440 | 4489 5424 
  0x00000280e98ee0e0: 304c 8b54 | 2448 4c89 | 5424 3848 | 8944 2448 

  0x00000280e98ee0f0: ;   {runtime_call UncommonTrapBlob}
  0x00000280e98ee0f0: 6666 90e8 

  0x00000280e98ee0f4: ; ImmutableOopMap {rbp=NarrowOop [32]=Oop [40]=Oop [48]=NarrowOop [56]=Oop [72]=Oop }
                      ;*ifnonnull {reexecute=1 rethrow=0 return_oop=0}
                      ; - (reexecute) java.security.AccessControlContext::combine@11 (line 676)
                      ; - java.security.AccessControlContext::calculateFields@38 (line 744)
                      ; - java.security.AccessControlContext::optimize@193 (line 629)
                      ; - java.security.AccessController::getContext@19 (line 1026)
                      ; - java.awt.EventQueue::dispatchEvent@16 (line 736)
  0x00000280e98ee0f4: 0865 9eff 

  0x00000280e98ee0f8: ;   {other}
  0x00000280e98ee0f8: 0f1f 8400 | e81e 002f | 4889 7424 | 204c 8bf3 | 498b d749 | ba30 3fed | 3ffe 7f00 | 0041 ffd2 
  0x00000280e98ee118: ;   {other}
  0x00000280e98ee118: 0f1f 8400 | 0000 0000 | 498b de48 | 8b74 2420 | e9d5 ebff | ff49 8bd7 | 49ba 303f | ed3f fe7f 
  0x00000280e98ee138: 0000 41ff 

  0x00000280e98ee13c: ;   {other}
  0x00000280e98ee13c: d20f 1f84 | 0000 0000 | 00e9 e2e9 | ffff ba45 | ffff ff48 | 8944 2428 | 4889 7424 

  0x00000280e98ee158: ;   {runtime_call UncommonTrapBlob}
  0x00000280e98ee158: 3066 90e8 

  0x00000280e98ee15c: ; ImmutableOopMap {[40]=Oop [48]=Oop [72]=Oop }
                      ;*ifeq {reexecute=1 rethrow=0 return_oop=0}
                      ; - (reexecute) java.security.AccessControlContext::optimize@27 (line 583)
                      ; - java.security.ProtectionDomain$JavaSecurityAccessImpl::getCombinedACC@26 (line 113)
                      ; - java.security.ProtectionDomain$JavaSecurityAccessImpl::doIntersectionPrivilege@15 (line 89)
                      ; - java.awt.EventQueue::dispatchEvent@46 (line 742)
  0x00000280e98ee15c: a064 9eff 

  0x00000280e98ee160: ;   {other}
  0x00000280e98ee160: 0f1f 8400 | 501f 0030 | ba45 ffff | ff48 8944 | 2428 4889 | 7424 3044 | 894c 2438 

  0x00000280e98ee17c: ;   {runtime_call UncommonTrapBlob}
  0x00000280e98ee17c: 6666 90e8 

  0x00000280e98ee180: ; ImmutableOopMap {rbp=NarrowOop [40]=Oop [48]=Oop [56]=NarrowOop [72]=Oop }
                      ;*ifnull {reexecute=1 rethrow=0 return_oop=0}
                      ; - (reexecute) java.security.AccessControlContext::optimize@138 (line 616)
                      ; - java.security.ProtectionDomain$JavaSecurityAccessImpl::getCombinedACC@26 (line 113)
                      ; - java.security.ProtectionDomain$JavaSecurityAccessImpl::doIntersectionPrivilege@15 (line 89)
                      ; - java.awt.EventQueue::dispatchEvent@46 (line 742)
  0x00000280e98ee180: 7c64 9eff 

  0x00000280e98ee184: ;   {other}
  0x00000280e98ee184: 0f1f 8400 | 741f 0031 | 33ed 4585 | c040 0f94 | c5ba 45ff | ffff 4c8b | 5c24 384c | 895c 2420 
  0x00000280e98ee1a4: 4c8b 5c24 | 484c 895c | 2430 4c8b | 5c24 404c | 895c 2438 | 894c 242c | 4489 4c24 | 4844 8954 
  0x00000280e98ee1c4: ;   {runtime_call UncommonTrapBlob}
  0x00000280e98ee1c4: 244c 90e8 

  0x00000280e98ee1c8: ; ImmutableOopMap {[32]=Oop [48]=Oop [56]=Oop [72]=NarrowOop [80]=NarrowOop [88]=Oop }
                      ;*ifne {reexecute=1 rethrow=0 return_oop=0}
                      ; - (reexecute) java.security.AccessControlContext::optimize@116 (line 614)
                      ; - java.security.AccessController::getContext@19 (line 1026)
                      ; - java.security.ProtectionDomain$JavaSecurityAccessImpl::doIntersectionPrivilege@2 (line 99)
                      ; - java.awt.EventQueue$5::run@11 (line 747)
                      ; - java.awt.EventQueue$5::run@1 (line 745)
                      ; - java.security.AccessController::executePrivileged@29 (line 778)
                      ; - java.security.AccessController::doPrivileged@13 (line 400)
                      ; - java.security.ProtectionDomain$JavaSecurityAccessImpl::doIntersectionPrivilege@18 (line 87)
                      ; - java.awt.EventQueue::dispatchEvent@73 (line 744)
  0x00000280e98ee1c8: 3464 9eff 

  0x00000280e98ee1cc: ;   {other}
  0x00000280e98ee1cc: 0f1f 8400 | bc1f 0032 | ba45 ffff | ff48 8be8 | 4489 5c24 | 2844 8954 

  0x00000280e98ee1e4: ;   {runtime_call UncommonTrapBlob}
  0x00000280e98ee1e4: 242c 90e8 

  0x00000280e98ee1e8: ; ImmutableOopMap {rbp=Oop [40]=NarrowOop [44]=NarrowOop [64]=Oop [72]=Oop [80]=NarrowOop }
                      ;*ifnull {reexecute=1 rethrow=0 return_oop=0}
                      ; - (reexecute) java.security.AccessControlContext::optimize@138 (line 616)
                      ; - java.security.ProtectionDomain$JavaSecurityAccessImpl::getCombinedACC@26 (line 113)
                      ; - java.security.ProtectionDomain$JavaSecurityAccessImpl::doIntersectionPrivilege@15 (line 89)
                      ; - java.awt.EventQueue::dispatchEvent@73 (line 744)
  0x00000280e98ee1e8: 1464 9eff 

  0x00000280e98ee1ec: ;   {other}
  0x00000280e98ee1ec: 0f1f 8400 | dc1f 0033 | ba45 ffff | ff4c 8b54 | 2438 4c89 

  0x00000280e98ee200: ;   {runtime_call UncommonTrapBlob}
  0x00000280e98ee200: 5424 20e8 

  0x00000280e98ee204: ; ImmutableOopMap {[32]=Oop [72]=Oop [80]=Oop [88]=Oop }
                      ;*ifeq {reexecute=1 rethrow=0 return_oop=0}
                      ; - (reexecute) java.security.AccessControlContext::optimize@27 (line 583)
                      ; - java.security.ProtectionDomain$JavaSecurityAccessImpl::getCombinedACC@26 (line 113)
                      ; - java.security.ProtectionDomain$JavaSecurityAccessImpl::doIntersectionPrivilege@15 (line 89)
                      ; - java.security.ProtectionDomain$JavaSecurityAccessImpl::doIntersectionPrivilege@6 (line 98)
                      ; - java.awt.EventQueue$5::run@11 (line 747)
                      ; - java.awt.EventQueue$5::run@1 (line 745)
                      ; - java.security.AccessController::executePrivileged@29 (line 778)
                      ; - java.security.AccessController::doPrivileged@13 (line 400)
                      ; - java.security.ProtectionDomain$JavaSecurityAccessImpl::doIntersectionPrivilege@18 (line 87)
                      ; - java.awt.EventQueue::dispatchEvent@73 (line 744)
  0x00000280e98ee204: f863 9eff 

  0x00000280e98ee208: ;   {other}
  0x00000280e98ee208: 0f1f 8400 | f81f 0034 | ba45 ffff | ff4c 8b54 | 2438 4c89 | 5424 2044 | 8944 2440 

  0x00000280e98ee224: ;   {runtime_call UncommonTrapBlob}
  0x00000280e98ee224: 6666 90e8 

  0x00000280e98ee228: ; ImmutableOopMap {rbp=NarrowOop [32]=Oop [64]=NarrowOop [72]=Oop [80]=Oop [88]=Oop }
                      ;*ifnull {reexecute=1 rethrow=0 return_oop=0}
                      ; - (reexecute) java.security.AccessControlContext::optimize@138 (line 616)
                      ; - java.security.ProtectionDomain$JavaSecurityAccessImpl::getCombinedACC@26 (line 113)
                      ; - java.security.ProtectionDomain$JavaSecurityAccessImpl::doIntersectionPrivilege@15 (line 89)
                      ; - java.security.ProtectionDomain$JavaSecurityAccessImpl::doIntersectionPrivilege@6 (line 98)
                      ; - java.awt.EventQueue$5::run@11 (line 747)
                      ; - java.awt.EventQueue$5::run@1 (line 745)
                      ; - java.security.AccessController::executePrivileged@29 (line 778)
                      ; - java.security.AccessController::doPrivileged@13 (line 400)
                      ; - java.security.ProtectionDomain$JavaSecurityAccessImpl::doIntersectionPrivilege@18 (line 87)
                      ; - java.awt.EventQueue::dispatchEvent@73 (line 744)
  0x00000280e98ee228: d463 9eff 

  0x00000280e98ee22c: ;   {other}
  0x00000280e98ee22c: 0f1f 8400 | 1c20 0035 | ba45 ffff | ff4c 8b54 | 2438 4c89 | 5424 204c | 8b54 2440 | 4c89 5424 
  0x00000280e98ee24c: 3844 894c 

  0x00000280e98ee250: ;   {runtime_call UncommonTrapBlob}
  0x00000280e98ee250: 242c 90e8 

  0x00000280e98ee254: ; ImmutableOopMap {rbp=NarrowOop [32]=Oop [44]=NarrowOop [56]=Oop [72]=Oop [80]=NarrowOop [88]=Oop }
                      ;*ifnull {reexecute=1 rethrow=0 return_oop=0}
                      ; - (reexecute) java.security.AccessControlContext::optimize@138 (line 616)
                      ; - java.security.AccessController::getContext@19 (line 1026)
                      ; - java.security.ProtectionDomain$JavaSecurityAccessImpl::doIntersectionPrivilege@2 (line 99)
                      ; - java.awt.EventQueue$5::run@11 (line 747)
                      ; - java.awt.EventQueue$5::run@1 (line 745)
                      ; - java.security.AccessController::executePrivileged@29 (line 778)
                      ; - java.security.AccessController::doPrivileged@13 (line 400)
                      ; - java.security.ProtectionDomain$JavaSecurityAccessImpl::doIntersectionPrivilege@18 (line 87)
                      ; - java.awt.EventQueue::dispatchEvent@73 (line 744)
  0x00000280e98ee254: a863 9eff 

  0x00000280e98ee258: ;   {other}
  0x00000280e98ee258: 0f1f 8400 | 4820 0036 | ba45 ffff | ff4c 8b54 | 2438 4c89 | 5424 2844 | 8b5c 2440 | 4489 5c24 
  0x00000280e98ee278: 304c 8b54 | 2448 4c89 | 5424 3848 | 8944 2448 

  0x00000280e98ee288: ;   {runtime_call UncommonTrapBlob}
  0x00000280e98ee288: 6666 90e8 

  0x00000280e98ee28c: ; ImmutableOopMap {[32]=Oop [40]=Oop [48]=NarrowOop [56]=Oop [72]=Oop [80]=Oop }
                      ;*ifeq {reexecute=1 rethrow=0 return_oop=0}
                      ; - (reexecute) java.security.AccessControlContext::optimize@56 (line 596)
                      ; - java.security.AccessController::getContext@19 (line 1026)
                      ; - java.awt.EventQueue::dispatchEvent@16 (line 736)
  0x00000280e98ee28c: 7063 9eff 

  0x00000280e98ee290: ;   {other}
  0x00000280e98ee290: 0f1f 8400 | 8020 0037 | ba45 ffff | ff4c 8b5c | 2430 4c89 | 5c24 2089 | 5c24 2c44 | 8954 2430 
  0x00000280e98ee2b0: ;   {runtime_call UncommonTrapBlob}
  0x00000280e98ee2b0: 6666 90e8 

  0x00000280e98ee2b4: ; ImmutableOopMap {[32]=Oop [44]=NarrowOop [48]=NarrowOop }
                      ;*ifne {reexecute=1 rethrow=0 return_oop=0}
                      ; - (reexecute) java.awt.EventQueue::setCurrentEventAndMostRecentTimeImpl@12 (line 1262)
                      ; - java.awt.EventQueue::dispatchEventImpl@14 (line 772)
                      ; - java.awt.EventQueue$4::run@32 (line 720)
                      ; - java.awt.EventQueue$4::run@1 (line 714)
                      ; - java.security.AccessController::executePrivileged@29 (line 778)
                      ; - java.security.AccessController::doPrivileged@13 (line 400)
                      ; - java.security.ProtectionDomain$JavaSecurityAccessImpl::doIntersectionPrivilege@18 (line 87)
                      ; - java.awt.EventQueue::dispatchEvent@46 (line 742)
  0x00000280e98ee2b4: 4863 9eff 

  0x00000280e98ee2b8: ;   {other}
  0x00000280e98ee2b8: 0f1f 8400 | a820 0038 | 498b d749 | ba30 3fed | 3ffe 7f00 | 0041 ffd2 

  0x00000280e98ee2d0: ;   {other}
  0x00000280e98ee2d0: 0f1f 8400 | 0000 0000 | e9b2 edff | ff48 8944 | 2438 4c8b | 4c24 484c | 894c 2428 | 4c89 7424 
  0x00000280e98ee2f0: 204d 8bf0 | 488b 6c24 | 5841 8bfa | 8bf3 498b | db49 8bd7 | 49ba 303f | ed3f fe7f | 0000 41ff 
  0x00000280e98ee310: ;   {other}
  0x00000280e98ee310: d20f 1f84 | 0000 0000 | 00e9 15f7 | ffff 4c89 | 4c24 504c | 8974 2440 | 4c89 4424 | 3848 ff74 
  0x00000280e98ee330: 2458 488f | 4424 2045 | 8bf5 418b | ea8b fb49 | 8bd7 49ba | 303f ed3f | fe7f 0000 

  0x00000280e98ee34c: ;   {other}
  0x00000280e98ee34c: 41ff d20f | 1f84 0000 | 0000 00e9 | fff7 ffff | 498b d749 | ba30 3fed | 3ffe 7f00 | 0041 ffd2 
  0x00000280e98ee36c: ;   {other}
  0x00000280e98ee36c: 0f1f 8400 | 0000 0000 | e9d2 edff | ffba 45ff | ffff 4c8b | 4424 304c | 8944 2420 | 4489 5424 
  0x00000280e98ee38c: 2889 5c24 | 2c4c 895c 

  0x00000280e98ee394: ;   {runtime_call UncommonTrapBlob}
  0x00000280e98ee394: 2430 90e8 

  0x00000280e98ee398: ; ImmutableOopMap {rbp=NarrowOop [32]=Oop [40]=NarrowOop [44]=NarrowOop [48]=Oop }
                      ;*if_acmpeq {reexecute=1 rethrow=0 return_oop=0}
                      ; - (reexecute) java.awt.EventQueue::setCurrentEventAndMostRecentTimeImpl@22 (line 1262)
                      ; - java.awt.EventQueue::dispatchEventImpl@14 (line 772)
                      ; - java.awt.EventQueue$4::run@32 (line 720)
                      ; - java.awt.EventQueue$4::run@1 (line 714)
                      ; - java.security.AccessController::executePrivileged@29 (line 778)
                      ; - java.security.AccessController::doPrivileged@13 (line 400)
                      ; - java.security.ProtectionDomain$JavaSecurityAccessImpl::doIntersectionPrivilege@18 (line 87)
                      ; - java.awt.EventQueue::dispatchEvent@46 (line 742)
  0x00000280e98ee398: 6462 9eff 

  0x00000280e98ee39c: ;   {other}
  0x00000280e98ee39c: 0f1f 8400 | 8c21 0039 | ba45 ffff | ff4c 8b54 | 2430 4c89 | 5424 2089 | 5c24 2c48 | 8974 2430 
  0x00000280e98ee3bc: ;   {runtime_call UncommonTrapBlob}
  0x00000280e98ee3bc: 6666 90e8 

  0x00000280e98ee3c0: ; ImmutableOopMap {rbp=NarrowOop [32]=Oop [40]=NarrowOop [44]=NarrowOop [48]=Oop }
                      ;*if_acmpeq {reexecute=1 rethrow=0 return_oop=0}
                      ; - (reexecute) java.util.concurrent.locks.ReentrantLock$Sync::tryRelease@14 (line 174)
                      ; - java.util.concurrent.locks.AbstractQueuedSynchronizer::release@2 (line 1059)
                      ; - java.util.concurrent.locks.ReentrantLock::unlock@5 (line 494)
                      ; - java.awt.EventQueue::setCurrentEventAndMostRecentTimeImpl@168 (line 1295)
                      ; - java.awt.EventQueue::dispatchEventImpl@14 (line 772)
                      ; - java.awt.EventQueue$4::run@32 (line 720)
                      ; - java.awt.EventQueue$4::run@1 (line 714)
                      ; - java.security.AccessController::executePrivileged@29 (line 778)
                      ; - java.security.AccessController::doPrivileged@13 (line 400)
                      ; - java.security.ProtectionDomain$JavaSecurityAccessImpl::doIntersectionPrivilege@18 (line 87)
                      ; - java.awt.EventQueue::dispatchEvent@46 (line 742)
  0x00000280e98ee3c0: 3c62 9eff 

  0x00000280e98ee3c4: ;   {other}
  0x00000280e98ee3c4: 0f1f 8400 | b421 003a | ba45 ffff 

  0x00000280e98ee3d0: ;   {runtime_call UncommonTrapBlob}
  0x00000280e98ee3d0: ff66 90e8 

  0x00000280e98ee3d4: ; ImmutableOopMap {[32]=Oop [48]=Oop }
                      ;*ifeq {reexecute=1 rethrow=0 return_oop=0}
                      ; - (reexecute) java.awt.event.InvocationEvent::dispatch@4 (line 306)
                      ; - java.awt.EventQueue::dispatchEventImpl@21 (line 773)
                      ; - java.awt.EventQueue$4::run@32 (line 720)
                      ; - java.awt.EventQueue$4::run@1 (line 714)
                      ; - java.security.AccessController::executePrivileged@29 (line 778)
                      ; - java.security.AccessController::doPrivileged@13 (line 400)
                      ; - java.security.ProtectionDomain$JavaSecurityAccessImpl::doIntersectionPrivilege@18 (line 87)
                      ; - java.awt.EventQueue::dispatchEvent@46 (line 742)
  0x00000280e98ee3d4: 2862 9eff 

  0x00000280e98ee3d8: ;   {other}
  0x00000280e98ee3d8: 0f1f 8400 | c821 003b | ba45 ffff 

  0x00000280e98ee3e4: ;   {runtime_call UncommonTrapBlob}
  0x00000280e98ee3e4: ff66 90e8 

  0x00000280e98ee3e8: ; ImmutableOopMap {rbp=NarrowOop [32]=Oop [48]=Oop }
                      ;*ifnull {reexecute=1 rethrow=0 return_oop=0}
                      ; - (reexecute) java.awt.event.InvocationEvent::finishedDispatching@9 (line 402)
                      ; - java.awt.event.InvocationEvent::dispatch@54 (line 321)
                      ; - java.awt.EventQueue::dispatchEventImpl@21 (line 773)
                      ; - java.awt.EventQueue$4::run@32 (line 720)
                      ; - java.awt.EventQueue$4::run@1 (line 714)
                      ; - java.security.AccessController::executePrivileged@29 (line 778)
                      ; - java.security.AccessController::doPrivileged@13 (line 400)
                      ; - java.security.ProtectionDomain$JavaSecurityAccessImpl::doIntersectionPrivilege@18 (line 87)
                      ; - java.awt.EventQueue::dispatchEvent@46 (line 742)
  0x00000280e98ee3e8: 1462 9eff 

  0x00000280e98ee3ec: ;   {other}
  0x00000280e98ee3ec: 0f1f 8400 | dc21 003c | ba45 ffff 

  0x00000280e98ee3f8: ;   {runtime_call UncommonTrapBlob}
  0x00000280e98ee3f8: ff66 90e8 

  0x00000280e98ee3fc: ; ImmutableOopMap {rbp=NarrowOop [32]=Oop [48]=Oop }
                      ;*ifnull {reexecute=1 rethrow=0 return_oop=0}
                      ; - (reexecute) java.awt.event.InvocationEvent::finishedDispatching@40 (line 408)
                      ; - java.awt.event.InvocationEvent::dispatch@54 (line 321)
                      ; - java.awt.EventQueue::dispatchEventImpl@21 (line 773)
                      ; - java.awt.EventQueue$4::run@32 (line 720)
                      ; - java.awt.EventQueue$4::run@1 (line 714)
                      ; - java.security.AccessController::executePrivileged@29 (line 778)
                      ; - java.security.AccessController::doPrivileged@13 (line 400)
                      ; - java.security.ProtectionDomain$JavaSecurityAccessImpl::doIntersectionPrivilege@18 (line 87)
                      ; - java.awt.EventQueue::dispatchEvent@46 (line 742)
  0x00000280e98ee3fc: 0062 9eff 

  0x00000280e98ee400: ;   {other}
  0x00000280e98ee400: 0f1f 8400 | f021 003d | ba45 ffff | ff48 8b6c | 2420 4c8b | 5424 384c | 8954 2420 | 4889 5c24 
  0x00000280e98ee420: ;   {runtime_call UncommonTrapBlob}
  0x00000280e98ee420: 3866 90e8 

  0x00000280e98ee424: ; ImmutableOopMap {rbp=Oop [32]=Oop [56]=Oop [64]=NarrowOop [72]=Oop }
                      ;*ifeq {reexecute=1 rethrow=0 return_oop=0}
                      ; - (reexecute) java.awt.EventQueue::getAccessControlContextFrom@38 (line 760)
                      ; - java.awt.EventQueue::dispatchEvent@22 (line 738)
  0x00000280e98ee424: d861 9eff 

  0x00000280e98ee428: ;   {other}
  0x00000280e98ee428: 0f1f 8400 | 1822 003e | ba45 ffff | ff48 8944 

  0x00000280e98ee438: ;   {runtime_call UncommonTrapBlob}
  0x00000280e98ee438: 2430 90e8 

  0x00000280e98ee43c: ; ImmutableOopMap {rbp=NarrowOop [48]=Oop [72]=Oop }
                      ;*ifnonnull {reexecute=1 rethrow=0 return_oop=0}
                      ; - (reexecute) java.security.AccessControlContext::combine@11 (line 676)
                      ; - java.security.AccessControlContext::calculateFields@38 (line 744)
                      ; - java.security.AccessControlContext::optimize@193 (line 629)
                      ; - java.security.ProtectionDomain$JavaSecurityAccessImpl::getCombinedACC@26 (line 113)
                      ; - java.security.ProtectionDomain$JavaSecurityAccessImpl::doIntersectionPrivilege@15 (line 89)
                      ; - java.awt.EventQueue::dispatchEvent@46 (line 742)
  0x00000280e98ee43c: c061 9eff 

  0x00000280e98ee440: ;   {other}
  0x00000280e98ee440: 0f1f 8400 | 3022 003f | ba45 ffff | ff4c 8b54 | 2438 4c89 | 5424 2044 | 895c 242c 

  0x00000280e98ee45c: ;   {runtime_call UncommonTrapBlob}
  0x00000280e98ee45c: 6666 90e8 

  0x00000280e98ee460: ; ImmutableOopMap {[32]=Oop [44]=NarrowOop [64]=Oop [72]=Oop [80]=NarrowOop }
                      ;*ifeq {reexecute=1 rethrow=0 return_oop=0}
                      ; - (reexecute) java.security.AccessControlContext::optimize@27 (line 583)
                      ; - java.security.AccessController::getContext@19 (line 1026)
                      ; - java.security.ProtectionDomain$JavaSecurityAccessImpl::doIntersectionPrivilege@2 (line 99)
                      ; - java.awt.EventQueue$5::run@11 (line 747)
                      ; - java.awt.EventQueue$5::run@1 (line 745)
                      ; - java.security.AccessController::executePrivileged@29 (line 778)
                      ; - java.security.AccessController::doPrivileged@13 (line 400)
                      ; - java.security.ProtectionDomain$JavaSecurityAccessImpl::doIntersectionPrivilege@18 (line 87)
                      ; - java.awt.EventQueue::dispatchEvent@73 (line 744)
  0x00000280e98ee460: 9c61 9eff 

  0x00000280e98ee464: ;   {other}
  0x00000280e98ee464: 0f1f 8400 | 5422 0040 | ba45 ffff | ff4c 8b54 | 2438 4c89 | 5424 2048 | 8944 2438 

  0x00000280e98ee480: ;   {runtime_call UncommonTrapBlob}
  0x00000280e98ee480: 6666 90e8 

  0x00000280e98ee484: ; ImmutableOopMap {rbp=NarrowOop [32]=Oop [56]=Oop [72]=Oop [80]=Oop }
                      ;*ifnonnull {reexecute=1 rethrow=0 return_oop=0}
                      ; - (reexecute) java.security.AccessControlContext::combine@11 (line 676)
                      ; - java.security.AccessControlContext::calculateFields@38 (line 744)
                      ; - java.security.AccessControlContext::optimize@193 (line 629)
                      ; - java.security.ProtectionDomain$JavaSecurityAccessImpl::getCombinedACC@26 (line 113)
                      ; - java.security.ProtectionDomain$JavaSecurityAccessImpl::doIntersectionPrivilege@15 (line 89)
                      ; - java.security.ProtectionDomain$JavaSecurityAccessImpl::doIntersectionPrivilege@6 (line 98)
                      ; - java.awt.EventQueue$5::run@11 (line 747)
                      ; - java.awt.EventQueue$5::run@1 (line 745)
                      ; - java.security.AccessController::executePrivileged@29 (line 778)
                      ; - java.security.AccessController::doPrivileged@13 (line 400)
                      ; - java.security.ProtectionDomain$JavaSecurityAccessImpl::doIntersectionPrivilege@18 (line 87)
                      ; - java.awt.EventQueue::dispatchEvent@73 (line 744)
  0x00000280e98ee484: 7861 9eff 

  0x00000280e98ee488: ;   {other}
  0x00000280e98ee488: 0f1f 8400 | 7822 0041 | ba45 ffff | ff4c 8b54 | 2438 4c89 

  0x00000280e98ee49c: ;   {runtime_call UncommonTrapBlob}
  0x00000280e98ee49c: 5424 20e8 

  0x00000280e98ee4a0: ; ImmutableOopMap {rbp=NarrowOop [32]=Oop [64]=Oop [72]=Oop [80]=NarrowOop }
                      ;*ifnonnull {reexecute=1 rethrow=0 return_oop=0}
                      ; - (reexecute) java.security.AccessControlContext::combine@11 (line 676)
                      ; - java.security.AccessControlContext::calculateFields@38 (line 744)
                      ; - java.security.AccessControlContext::optimize@193 (line 629)
                      ; - java.security.AccessController::getContext@19 (line 1026)
                      ; - java.security.ProtectionDomain$JavaSecurityAccessImpl::doIntersectionPrivilege@2 (line 99)
                      ; - java.awt.EventQueue$5::run@11 (line 747)
                      ; - java.awt.EventQueue$5::run@1 (line 745)
                      ; - java.security.AccessController::executePrivileged@29 (line 778)
                      ; - java.security.AccessController::doPrivileged@13 (line 400)
                      ; - java.security.ProtectionDomain$JavaSecurityAccessImpl::doIntersectionPrivilege@18 (line 87)
                      ; - java.awt.EventQueue::dispatchEvent@73 (line 744)
  0x00000280e98ee4a0: 5c61 9eff 

  0x00000280e98ee4a4: ;   {other}
  0x00000280e98ee4a4: 0f1f 8400 | 9422 0042 | ba45 ffff | ff89 5c24 | 2844 8954 

  0x00000280e98ee4b8: ;   {runtime_call UncommonTrapBlob}
  0x00000280e98ee4b8: 242c 90e8 

  0x00000280e98ee4bc: ; ImmutableOopMap {rbp=NarrowOop [40]=NarrowOop [44]=NarrowOop [48]=Oop }
                      ;*ifeq {reexecute=1 rethrow=0 return_oop=0}
                      ; - (reexecute) java.awt.EventQueue::dispatchEventImpl@33 (line 774)
                      ; - java.awt.EventQueue$4::run@32 (line 720)
                      ; - java.awt.EventQueue$4::run@1 (line 714)
                      ; - java.security.AccessController::executePrivileged@29 (line 778)
                      ; - java.security.AccessController::doPrivileged@13 (line 400)
                      ; - java.security.ProtectionDomain$JavaSecurityAccessImpl::doIntersectionPrivilege@18 (line 87)
                      ; - java.awt.EventQueue::dispatchEvent@46 (line 742)
  0x00000280e98ee4bc: 4061 9eff 

  0x00000280e98ee4c0: ;   {other}
  0x00000280e98ee4c0: 0f1f 8400 | b022 0043 | bade ffff | ff44 895c 

  0x00000280e98ee4d0: ;   {runtime_call UncommonTrapBlob}
  0x00000280e98ee4d0: 2428 90e8 

  0x00000280e98ee4d4: ; ImmutableOopMap {rbp=Oop [40]=NarrowOop [48]=Oop }
                      ;*invokeinterface setCanAccessSystemClipboard {reexecute=0 rethrow=0 return_oop=0}
                      ; - java.awt.AWTEvent::dispatched@15 (line 597)
                      ; - java.awt.EventQueue::dispatchEventImpl@45 (line 776)
                      ; - java.awt.EventQueue$4::run@32 (line 720)
                      ; - java.awt.EventQueue$4::run@1 (line 714)
                      ; - java.security.AccessController::executePrivileged@29 (line 778)
                      ; - java.security.AccessController::doPrivileged@13 (line 400)
                      ; - java.security.ProtectionDomain$JavaSecurityAccessImpl::doIntersectionPrivilege@18 (line 87)
                      ; - java.awt.EventQueue::dispatchEvent@46 (line 742)
  0x00000280e98ee4d4: 2861 9eff 

  0x00000280e98ee4d8: ;   {other}
  0x00000280e98ee4d8: 0f1f 8400 | c822 0044 | ba45 ffff | ff89 7c24 

  0x00000280e98ee4e8: ;   {runtime_call UncommonTrapBlob}
  0x00000280e98ee4e8: 2466 90e8 

  0x00000280e98ee4ec: ; ImmutableOopMap {[36]=NarrowOop [40]=NarrowOop [48]=Oop }
                      ;*ifeq {reexecute=1 rethrow=0 return_oop=0}
                      ; - (reexecute) java.awt.EventQueue::setCurrentEventAndMostRecentTimeImpl@93 (line 1283)
                      ; - java.awt.EventQueue::dispatchEventImpl@14 (line 772)
                      ; - java.awt.EventQueue$4::run@32 (line 720)
                      ; - java.awt.EventQueue$4::run@1 (line 714)
                      ; - java.security.AccessController::executePrivileged@29 (line 778)
                      ; - java.security.AccessController::doPrivileged@13 (line 400)
                      ; - java.security.ProtectionDomain$JavaSecurityAccessImpl::doIntersectionPrivilege@18 (line 87)
                      ; - java.awt.EventQueue::dispatchEvent@46 (line 742)
  0x00000280e98ee4ec: 1061 9eff 

  0x00000280e98ee4f0: ;   {other}
  0x00000280e98ee4f0: 0f1f 8400 | e022 0045 | ba45 ffff | ff89 7c24 

  0x00000280e98ee500: ;   {runtime_call UncommonTrapBlob}
  0x00000280e98ee500: 2466 90e8 

  0x00000280e98ee504: ; ImmutableOopMap {[36]=NarrowOop [40]=NarrowOop [48]=Oop }
                      ;*ifeq {reexecute=1 rethrow=0 return_oop=0}
                      ; - (reexecute) java.awt.EventQueue::setCurrentEventAndMostRecentTimeImpl@115 (line 1286)
                      ; - java.awt.EventQueue::dispatchEventImpl@14 (line 772)
                      ; - java.awt.EventQueue$4::run@32 (line 720)
                      ; - java.awt.EventQueue$4::run@1 (line 714)
                      ; - java.security.AccessController::executePrivileged@29 (line 778)
                      ; - java.security.AccessController::doPrivileged@13 (line 400)
                      ; - java.security.ProtectionDomain$JavaSecurityAccessImpl::doIntersectionPrivilege@18 (line 87)
                      ; - java.awt.EventQueue::dispatchEvent@46 (line 742)
  0x00000280e98ee504: f860 9eff 

  0x00000280e98ee508: ;   {other}
  0x00000280e98ee508: 0f1f 8400 | f822 0046 | ba45 ffff | ff4c 8b54 | 2438 4c89 | 5424 2844 | 8b44 2440 | 4489 4424 
  0x00000280e98ee528: 304c 8b54 | 2448 4c89 | 5424 384c | 895c 2440 | 4c8b 5424 | 504c 8954 | 2448 4889 

  0x00000280e98ee544: ;   {runtime_call UncommonTrapBlob}
  0x00000280e98ee544: 4424 58e8 

  0x00000280e98ee548: ; ImmutableOopMap {rbp=NarrowOop [32]=Oop [40]=Oop [48]=NarrowOop [56]=Oop [64]=Oop [72]=Oop [88]=Oop }
                      ;*if_acmpne {reexecute=1 rethrow=0 return_oop=0}
                      ; - (reexecute) java.security.AccessControlContext::optimize@280 (line 648)
                      ; - java.security.AccessController::getContext@19 (line 1026)
                      ; - java.awt.EventQueue::dispatchEvent@16 (line 736)
  0x00000280e98ee548: b460 9eff 

  0x00000280e98ee54c: ;   {other}
  0x00000280e98ee54c: 0f1f 8400 | 3c23 0047 | ba45 ffff | ff4c 8944 | 2428 4889 

  0x00000280e98ee560: ;   {runtime_call UncommonTrapBlob}
  0x00000280e98ee560: 4424 40e8 

  0x00000280e98ee564: ; ImmutableOopMap {rbp=NarrowOop [32]=Oop [40]=Oop [48]=Oop [64]=Oop }
                      ;*if_acmpne {reexecute=1 rethrow=0 return_oop=0}
                      ; - (reexecute) java.security.AccessControlContext::optimize@280 (line 648)
                      ; - java.security.ProtectionDomain$JavaSecurityAccessImpl::getCombinedACC@26 (line 113)
                      ; - java.security.ProtectionDomain$JavaSecurityAccessImpl::doIntersectionPrivilege@15 (line 89)
                      ; - java.awt.EventQueue::dispatchEvent@46 (line 742)
  0x00000280e98ee564: 9860 9eff 

  0x00000280e98ee568: ;   {other}
  0x00000280e98ee568: 0f1f 8400 | 5823 0048 | ba45 ffff | ff4c 8b5c | 2438 4c89 | 5c24 204c | 8b5c 2440 | 4c89 5c24 
  0x00000280e98ee588: 2848 8944 | 2438 4c8b | 5424 484c | 8954 2440 

  0x00000280e98ee598: ;   {runtime_call UncommonTrapBlob}
  0x00000280e98ee598: 6666 90e8 

  0x00000280e98ee59c: ; ImmutableOopMap {rbp=NarrowOop [32]=Oop [40]=Oop [56]=Oop [64]=Oop [80]=NarrowOop }
                      ;*if_acmpne {reexecute=1 rethrow=0 return_oop=0}
                      ; - (reexecute) java.security.AccessControlContext::optimize@280 (line 648)
                      ; - java.security.ProtectionDomain$JavaSecurityAccessImpl::getCombinedACC@26 (line 113)
                      ; - java.security.ProtectionDomain$JavaSecurityAccessImpl::doIntersectionPrivilege@15 (line 89)
                      ; - java.awt.EventQueue::dispatchEvent@73 (line 744)
  0x00000280e98ee59c: 6060 9eff 

  0x00000280e98ee5a0: ;   {other}
  0x00000280e98ee5a0: 0f1f 8400 | 9023 0049 | ba45 ffff | ff4c 8b5c | 2438 4c89 | 5c24 204c | 8b5c 2448 | 4c89 5c24 
  0x00000280e98ee5c0: 2848 8944 

  0x00000280e98ee5c4: ;   {runtime_call UncommonTrapBlob}
  0x00000280e98ee5c4: 2448 90e8 

  0x00000280e98ee5c8: ; ImmutableOopMap {rbp=NarrowOop [32]=Oop [40]=Oop [72]=Oop [80]=Oop [88]=Oop }
                      ;*if_acmpne {reexecute=1 rethrow=0 return_oop=0}
                      ; - (reexecute) java.security.AccessControlContext::optimize@280 (line 648)
                      ; - java.security.ProtectionDomain$JavaSecurityAccessImpl::getCombinedACC@26 (line 113)
                      ; - java.security.ProtectionDomain$JavaSecurityAccessImpl::doIntersectionPrivilege@15 (line 89)
                      ; - java.security.ProtectionDomain$JavaSecurityAccessImpl::doIntersectionPrivilege@6 (line 98)
                      ; - java.awt.EventQueue$5::run@11 (line 747)
                      ; - java.awt.EventQueue$5::run@1 (line 745)
                      ; - java.security.AccessController::executePrivileged@29 (line 778)
                      ; - java.security.AccessController::doPrivileged@13 (line 400)
                      ; - java.security.ProtectionDomain$JavaSecurityAccessImpl::doIntersectionPrivilege@18 (line 87)
                      ; - java.awt.EventQueue::dispatchEvent@73 (line 744)
  0x00000280e98ee5c8: 3460 9eff 

  0x00000280e98ee5cc: ;   {other}
  0x00000280e98ee5cc: 0f1f 8400 | bc23 004a | ba45 ffff | ff4c 8b54 | 2438 4c89 | 5424 2044 | 8b54 2450 | 4489 5424 
  0x00000280e98ee5ec: 284c 8b54 | 2448 4c89 | 5424 304c | 8b54 2440 | 4c89 5424 | 3848 8944 

  0x00000280e98ee604: ;   {runtime_call UncommonTrapBlob}
  0x00000280e98ee604: 2450 90e8 

  0x00000280e98ee608: ; ImmutableOopMap {rbp=NarrowOop [32]=Oop [40]=NarrowOop [48]=Oop [56]=Oop [80]=Oop [88]=Oop }
                      ;*if_acmpne {reexecute=1 rethrow=0 return_oop=0}
                      ; - (reexecute) java.security.AccessControlContext::optimize@280 (line 648)
                      ; - java.security.AccessController::getContext@19 (line 1026)
                      ; - java.security.ProtectionDomain$JavaSecurityAccessImpl::doIntersectionPrivilege@2 (line 99)
                      ; - java.awt.EventQueue$5::run@11 (line 747)
                      ; - java.awt.EventQueue$5::run@1 (line 745)
                      ; - java.security.AccessController::executePrivileged@29 (line 778)
                      ; - java.security.AccessController::doPrivileged@13 (line 400)
                      ; - java.security.ProtectionDomain$JavaSecurityAccessImpl::doIntersectionPrivilege@18 (line 87)
                      ; - java.awt.EventQueue::dispatchEvent@73 (line 744)
  0x00000280e98ee608: f45f 9eff 

  0x00000280e98ee60c: ;   {other}
  0x00000280e98ee60c: 0f1f 8400 | fc23 004b | bae4 ffff | ff48 8b6c | 2420 4c8b | 5c24 384c | 895c 2420 | 448b 4424 
  0x00000280e98ee62c: 4044 8944 | 2428 4c8b | 5c24 484c | 895c 2430 | 4889 4424 | 384c 894c | 2440 4489 | 5424 2c89 
  0x00000280e98ee64c: 4c24 4889 

  0x00000280e98ee650: ;   {runtime_call UncommonTrapBlob}
  0x00000280e98ee650: 5c24 4ce8 

  0x00000280e98ee654: ; ImmutableOopMap {rbp=Oop [32]=Oop [40]=NarrowOop [48]=Oop [56]=Oop [64]=Oop [72]=NarrowOop [76]=NarrowOop }
                      ;*aaload {reexecute=0 rethrow=0 return_oop=0}
                      ; - java.security.AccessControlContext::optimize@229 (line 639)
                      ; - java.security.AccessController::getContext@19 (line 1026)
                      ; - java.awt.EventQueue::dispatchEvent@16 (line 736)
  0x00000280e98ee654: a85f 9eff 

  0x00000280e98ee658: ;   {other}
  0x00000280e98ee658: 0f1f 8400 | 4824 004c | bae4 ffff | ff48 8b6c | 2420 4c8b | 5c24 384c | 895c 2420 | 448b 5c24 
  0x00000280e98ee678: 4044 895c | 2428 4c8b | 5c24 484c | 895c 2430 | 4889 4424 | 384c 894c | 2440 4489 | 5424 2c44 
  0x00000280e98ee698: 8944 244c | 894c 2450 

  0x00000280e98ee6a0: ;   {runtime_call UncommonTrapBlob}
  0x00000280e98ee6a0: 6666 90e8 

  0x00000280e98ee6a4: ; ImmutableOopMap {rbp=Oop [32]=Oop [40]=NarrowOop [48]=Oop [56]=Oop [64]=Oop [76]=NarrowOop [80]=NarrowOop }
                      ;*aaload {reexecute=0 rethrow=0 return_oop=0}
                      ; - java.security.AccessControlContext::optimize@233 (line 639)
                      ; - java.security.AccessController::getContext@19 (line 1026)
                      ; - java.awt.EventQueue::dispatchEvent@16 (line 736)
  0x00000280e98ee6a4: 585f 9eff 

  0x00000280e98ee6a8: ;   {other}
  0x00000280e98ee6a8: 0f1f 8400 | 9824 004d | bae4 ffff | ff48 8b6c | 2448 4889 | 4424 2048 | 8974 2428 | 4489 4424 
  0x00000280e98ee6c8: 3044 894c | 2434 4489 

  0x00000280e98ee6d0: ;   {runtime_call UncommonTrapBlob}
  0x00000280e98ee6d0: 5c24 38e8 

  0x00000280e98ee6d4: ; ImmutableOopMap {rbp=Oop [32]=Oop [40]=Oop [52]=NarrowOop [56]=NarrowOop }
                      ;*aaload {reexecute=0 rethrow=0 return_oop=0}
                      ; - java.security.AccessControlContext::optimize@229 (line 639)
                      ; - java.security.ProtectionDomain$JavaSecurityAccessImpl::getCombinedACC@26 (line 113)
                      ; - java.security.ProtectionDomain$JavaSecurityAccessImpl::doIntersectionPrivilege@15 (line 89)
                      ; - java.awt.EventQueue::dispatchEvent@46 (line 742)
  0x00000280e98ee6d4: 285f 9eff 

  0x00000280e98ee6d8: ;   {other}
  0x00000280e98ee6d8: 0f1f 8400 | c824 004e | bae4 ffff | ff48 8b6c | 2448 4889 | 4424 2048 | 8974 2428 | 4489 4424 
  0x00000280e98ee6f8: 3089 4c24 | 3844 894c 

  0x00000280e98ee700: ;   {runtime_call UncommonTrapBlob}
  0x00000280e98ee700: 243c 90e8 

  0x00000280e98ee704: ; ImmutableOopMap {rbp=Oop [32]=Oop [40]=Oop [56]=NarrowOop [60]=NarrowOop }
                      ;*aaload {reexecute=0 rethrow=0 return_oop=0}
                      ; - java.security.AccessControlContext::optimize@233 (line 639)
                      ; - java.security.ProtectionDomain$JavaSecurityAccessImpl::getCombinedACC@26 (line 113)
                      ; - java.security.ProtectionDomain$JavaSecurityAccessImpl::doIntersectionPrivilege@15 (line 89)
                      ; - java.awt.EventQueue::dispatchEvent@46 (line 742)
  0x00000280e98ee704: f85e 9eff 

  0x00000280e98ee708: ;   {other}
  0x00000280e98ee708: 0f1f 8400 | f824 004f | ba45 ffff | ff4c 8b5c | 2438 4c89 | 5c24 2844 | 8b44 2440 | 4489 4424 
  0x00000280e98ee728: 304c 8b5c | 2448 4c89 | 5c24 3848 | 8944 2440 | 4c89 4c24 | 4844 8954 | 2434 894c 

  0x00000280e98ee744: ;   {runtime_call UncommonTrapBlob}
  0x00000280e98ee744: 2450 90e8 

  0x00000280e98ee748: ; ImmutableOopMap {[32]=Oop [40]=Oop [48]=NarrowOop [56]=Oop [64]=Oop [72]=Oop [80]=NarrowOop }
                      ;*if_icmpne {reexecute=1 rethrow=0 return_oop=0}
                      ; - (reexecute) java.security.AccessControlContext::optimize@221 (line 639)
                      ; - java.security.AccessController::getContext@19 (line 1026)
                      ; - java.awt.EventQueue::dispatchEvent@16 (line 736)
  0x00000280e98ee748: b45e 9eff 

  0x00000280e98ee74c: ;   {other}
  0x00000280e98ee74c: 0f1f 8400 | 3c25 0050 | ba45 ffff | ff4c 8b5c | 2438 4c89 | 5c24 2844 | 8b5c 2440 | 4489 5c24 
  0x00000280e98ee76c: 304c 8b5c | 2448 4c89 | 5c24 3848 | 8944 2440 | 4c89 4c24 | 4844 8954 | 2434 894c | 2450 4489 
  0x00000280e98ee78c: ;   {runtime_call UncommonTrapBlob}
  0x00000280e98ee78c: 4424 54e8 

  0x00000280e98ee790: ; ImmutableOopMap {rbp=NarrowOop [32]=Oop [40]=Oop [48]=NarrowOop [56]=Oop [64]=Oop [72]=Oop [80]=NarrowOop [84]=NarrowOop }
                      ;*if_acmpne {reexecute=1 rethrow=0 return_oop=0}
                      ; - (reexecute) java.security.AccessControlContext::optimize@234 (line 639)
                      ; - java.security.AccessController::getContext@19 (line 1026)
                      ; - java.awt.EventQueue::dispatchEvent@16 (line 736)
  0x00000280e98ee790: 6c5e 9eff 

  0x00000280e98ee794: ;   {other}
  0x00000280e98ee794: 0f1f 8400 | 8425 0051 | bae4 ffff | ff48 8be8 | 4489 5424 | 2844 895c | 242c 894c 

  0x00000280e98ee7b0: ;   {runtime_call UncommonTrapBlob}
  0x00000280e98ee7b0: 2430 90e8 

  0x00000280e98ee7b4: ; ImmutableOopMap {rbp=Oop [44]=NarrowOop [48]=NarrowOop [64]=Oop [72]=Oop [80]=NarrowOop }
                      ;*aaload {reexecute=0 rethrow=0 return_oop=0}
                      ; - java.security.AccessControlContext::optimize@229 (line 639)
                      ; - java.security.ProtectionDomain$JavaSecurityAccessImpl::getCombinedACC@26 (line 113)
                      ; - java.security.ProtectionDomain$JavaSecurityAccessImpl::doIntersectionPrivilege@15 (line 89)
                      ; - java.awt.EventQueue::dispatchEvent@73 (line 744)
  0x00000280e98ee7b4: 485e 9eff 

  0x00000280e98ee7b8: ;   {other}
  0x00000280e98ee7b8: 0f1f 8400 | a825 0052 | bae4 ffff | ff48 8be8 | 4c8b 4424 | 404c 8944 | 2420 4489 | 5424 2889 
  0x00000280e98ee7d8: 4c24 3044 | 895c 2434 

  0x00000280e98ee7e0: ;   {runtime_call UncommonTrapBlob}
  0x00000280e98ee7e0: 6666 90e8 

  0x00000280e98ee7e4: ; ImmutableOopMap {rbp=Oop [32]=Oop [48]=NarrowOop [52]=NarrowOop [72]=Oop [80]=NarrowOop }
                      ;*aaload {reexecute=0 rethrow=0 return_oop=0}
                      ; - java.security.AccessControlContext::optimize@233 (line 639)
                      ; - java.security.ProtectionDomain$JavaSecurityAccessImpl::getCombinedACC@26 (line 113)
                      ; - java.security.ProtectionDomain$JavaSecurityAccessImpl::doIntersectionPrivilege@15 (line 89)
                      ; - java.awt.EventQueue::dispatchEvent@73 (line 744)
  0x00000280e98ee7e4: 185e 9eff 

  0x00000280e98ee7e8: ;   {other}
  0x00000280e98ee7e8: 0f1f 8400 | d825 0053 | bae4 ffff | ff48 8b6c | 2438 4489 | 5c24 3844 | 8944 243c | 4489 5424 
  0x00000280e98ee808: ;   {runtime_call UncommonTrapBlob}
  0x00000280e98ee808: 4066 90e8 

  0x00000280e98ee80c: ; ImmutableOopMap {rbp=Oop [60]=NarrowOop [64]=NarrowOop [72]=Oop [80]=Oop [88]=Oop }
                      ;*aaload {reexecute=0 rethrow=0 return_oop=0}
                      ; - java.security.AccessControlContext::optimize@229 (line 639)
                      ; - java.security.ProtectionDomain$JavaSecurityAccessImpl::getCombinedACC@26 (line 113)
                      ; - java.security.ProtectionDomain$JavaSecurityAccessImpl::doIntersectionPrivilege@15 (line 89)
                      ; - java.security.ProtectionDomain$JavaSecurityAccessImpl::doIntersectionPrivilege@6 (line 98)
                      ; - java.awt.EventQueue$5::run@11 (line 747)
                      ; - java.awt.EventQueue$5::run@1 (line 745)
                      ; - java.security.AccessController::executePrivileged@29 (line 778)
                      ; - java.security.AccessController::doPrivileged@13 (line 400)
                      ; - java.security.ProtectionDomain$JavaSecurityAccessImpl::doIntersectionPrivilege@18 (line 87)
                      ; - java.awt.EventQueue::dispatchEvent@73 (line 744)
  0x00000280e98ee80c: f05d 9eff 

  0x00000280e98ee810: ;   {other}
  0x00000280e98ee810: 0f1f 8400 | 0026 0054 | bae4 ffff | ff48 8b6c | 2438 4489 | 5c24 3844 | 894c 2440 | 4489 4424 
  0x00000280e98ee830: ;   {runtime_call UncommonTrapBlob}
  0x00000280e98ee830: 4466 90e8 

  0x00000280e98ee834: ; ImmutableOopMap {rbp=Oop [64]=NarrowOop [68]=NarrowOop [72]=Oop [80]=Oop [88]=Oop }
                      ;*aaload {reexecute=0 rethrow=0 return_oop=0}
                      ; - java.security.AccessControlContext::optimize@233 (line 639)
                      ; - java.security.ProtectionDomain$JavaSecurityAccessImpl::getCombinedACC@26 (line 113)
                      ; - java.security.ProtectionDomain$JavaSecurityAccessImpl::doIntersectionPrivilege@15 (line 89)
                      ; - java.security.ProtectionDomain$JavaSecurityAccessImpl::doIntersectionPrivilege@6 (line 98)
                      ; - java.awt.EventQueue$5::run@11 (line 747)
                      ; - java.awt.EventQueue$5::run@1 (line 745)
                      ; - java.security.AccessController::executePrivileged@29 (line 778)
                      ; - java.security.AccessController::doPrivileged@13 (line 400)
                      ; - java.security.ProtectionDomain$JavaSecurityAccessImpl::doIntersectionPrivilege@18 (line 87)
                      ; - java.awt.EventQueue::dispatchEvent@73 (line 744)
  0x00000280e98ee834: c85d 9eff 

  0x00000280e98ee838: ;   {other}
  0x00000280e98ee838: 0f1f 8400 | 2826 0055 | bae4 ffff | ff48 8b6c | 2438 4c8b | 5424 404c | 8954 2430 | 894c 2424 
  0x00000280e98ee858: 4489 4c24 | 4044 8944 

  0x00000280e98ee860: ;   {runtime_call UncommonTrapBlob}
  0x00000280e98ee860: 2444 90e8 

  0x00000280e98ee864: ; ImmutableOopMap {rbp=Oop [48]=Oop [64]=NarrowOop [68]=NarrowOop [72]=Oop [80]=NarrowOop [88]=Oop }
                      ;*aaload {reexecute=0 rethrow=0 return_oop=0}
                      ; - java.security.AccessControlContext::optimize@229 (line 639)
                      ; - java.security.AccessController::getContext@19 (line 1026)
                      ; - java.security.ProtectionDomain$JavaSecurityAccessImpl::doIntersectionPrivilege@2 (line 99)
                      ; - java.awt.EventQueue$5::run@11 (line 747)
                      ; - java.awt.EventQueue$5::run@1 (line 745)
                      ; - java.security.AccessController::executePrivileged@29 (line 778)
                      ; - java.security.AccessController::doPrivileged@13 (line 400)
                      ; - java.security.ProtectionDomain$JavaSecurityAccessImpl::doIntersectionPrivilege@18 (line 87)
                      ; - java.awt.EventQueue::dispatchEvent@73 (line 744)
  0x00000280e98ee864: 985d 9eff 

  0x00000280e98ee868: ;   {other}
  0x00000280e98ee868: 0f1f 8400 | 5826 0056 | bae4 ffff | ff48 8b6c | 2438 4c8b | 5424 484c | 8954 2428 | 4c8b 5424 
  0x00000280e98ee888: 404c 8954 | 2430 894c | 2424 4489 | 5c24 4444 | 894c 2448 

  0x00000280e98ee89c: ;   {runtime_call UncommonTrapBlob}
  0x00000280e98ee89c: 6666 90e8 

  0x00000280e98ee8a0: ; ImmutableOopMap {rbp=Oop [40]=Oop [48]=Oop [68]=NarrowOop [72]=NarrowOop [80]=NarrowOop [88]=Oop }
                      ;*aaload {reexecute=0 rethrow=0 return_oop=0}
                      ; - java.security.AccessControlContext::optimize@233 (line 639)
                      ; - java.security.AccessController::getContext@19 (line 1026)
                      ; - java.security.ProtectionDomain$JavaSecurityAccessImpl::doIntersectionPrivilege@2 (line 99)
                      ; - java.awt.EventQueue$5::run@11 (line 747)
                      ; - java.awt.EventQueue$5::run@1 (line 745)
                      ; - java.security.AccessController::executePrivileged@29 (line 778)
                      ; - java.security.AccessController::doPrivileged@13 (line 400)
                      ; - java.security.ProtectionDomain$JavaSecurityAccessImpl::doIntersectionPrivilege@18 (line 87)
                      ; - java.awt.EventQueue::dispatchEvent@73 (line 744)
  0x00000280e98ee8a0: 5c5d 9eff 

  0x00000280e98ee8a4: ;   {other}
  0x00000280e98ee8a4: 0f1f 8400 | 9426 0057 

  0x00000280e98ee8ac: ;   {metadata('java/lang/Error')}
  0x00000280e98ee8ac: 48ba 3805 | 0180 8002 | 0000 48ff | 7424 5848 | 8f44 2420 | 4c89 4c24 

  0x00000280e98ee8c4: ;   {runtime_call _new_instance_Java}
  0x00000280e98ee8c4: 6066 90e8 

  0x00000280e98ee8c8: ; ImmutableOopMap {[32]=Oop [48]=Oop [72]=Oop [88]=Oop [96]=Oop }
                      ;*new {reexecute=0 rethrow=0 return_oop=1}
                      ; - java.util.concurrent.locks.ReentrantLock$NonfairSync::initialTryLock@39 (line 231)
                      ; - java.util.concurrent.locks.ReentrantLock$Sync::lock@1 (line 152)
                      ; - java.util.concurrent.locks.ReentrantLock::lock@4 (line 322)
                      ; - java.awt.EventQueue::setCurrentEventAndMostRecentTimeImpl@4 (line 1260)
                      ; - java.awt.EventQueue::dispatchEventImpl@14 (line 772)
                      ; - java.awt.EventQueue$4::run@32 (line 720)
                      ; - java.awt.EventQueue$4::run@1 (line 714)
                      ; - java.security.AccessController::executePrivileged@29 (line 778)
                      ; - java.security.AccessController::doPrivileged@13 (line 400)
                      ; - java.security.ProtectionDomain$JavaSecurityAccessImpl::doIntersectionPrivilege@18 (line 87)
                      ; - java.awt.EventQueue::dispatchEvent@46 (line 742)
  0x00000280e98ee8c8: b4f2 aaff 

  0x00000280e98ee8cc: ;   {other}
  0x00000280e98ee8cc: 0f1f 8400 | bc26 0058 | 4c8b 4c24 | 60e9 a4f3 | ffff ba45 | ffff ff48 | 8944 2428 | 4889 7424 
  0x00000280e98ee8ec: 3044 8944 | 2438 4489 

  0x00000280e98ee8f4: ;   {runtime_call UncommonTrapBlob}
  0x00000280e98ee8f4: 4c24 3ce8 

  0x00000280e98ee8f8: ; ImmutableOopMap {[40]=Oop [48]=Oop [60]=NarrowOop [72]=Oop }
                      ;*if_icmpne {reexecute=1 rethrow=0 return_oop=0}
                      ; - (reexecute) java.security.AccessControlContext::optimize@221 (line 639)
                      ; - java.security.ProtectionDomain$JavaSecurityAccessImpl::getCombinedACC@26 (line 113)
                      ; - java.security.ProtectionDomain$JavaSecurityAccessImpl::doIntersectionPrivilege@15 (line 89)
                      ; - java.awt.EventQueue::dispatchEvent@46 (line 742)
  0x00000280e98ee8f8: 045d 9eff 

  0x00000280e98ee8fc: ;   {other}
  0x00000280e98ee8fc: 0f1f 8400 | ec26 0059 | ba45 ffff | ff48 8944 | 2428 4889 | 7424 3044 | 8944 2438 | 4489 4c24 
  0x00000280e98ee91c: 3c89 4c24 

  0x00000280e98ee920: ;   {runtime_call UncommonTrapBlob}
  0x00000280e98ee920: 4066 90e8 

  0x00000280e98ee924: ; ImmutableOopMap {rbp=NarrowOop [40]=Oop [48]=Oop [60]=NarrowOop [64]=NarrowOop [72]=Oop }
                      ;*if_acmpne {reexecute=1 rethrow=0 return_oop=0}
                      ; - (reexecute) java.security.AccessControlContext::optimize@234 (line 639)
                      ; - java.security.ProtectionDomain$JavaSecurityAccessImpl::getCombinedACC@26 (line 113)
                      ; - java.security.ProtectionDomain$JavaSecurityAccessImpl::doIntersectionPrivilege@15 (line 89)
                      ; - java.awt.EventQueue::dispatchEvent@46 (line 742)
  0x00000280e98ee924: d85c 9eff 

  0x00000280e98ee928: ;   {other}
  0x00000280e98ee928: 0f1f 8400 | 1827 005a | ba45 ffff | ff48 8944 | 2420 4c8b | 4424 404c | 8944 2428 | 4489 5424 
  0x00000280e98ee948: 3044 895c 

  0x00000280e98ee94c: ;   {runtime_call UncommonTrapBlob}
  0x00000280e98ee94c: 2434 90e8 

  0x00000280e98ee950: ; ImmutableOopMap {[32]=Oop [40]=Oop [52]=NarrowOop [72]=Oop [80]=NarrowOop }
                      ;*if_icmpne {reexecute=1 rethrow=0 return_oop=0}
                      ; - (reexecute) java.security.AccessControlContext::optimize@221 (line 639)
                      ; - java.security.ProtectionDomain$JavaSecurityAccessImpl::getCombinedACC@26 (line 113)
                      ; - java.security.ProtectionDomain$JavaSecurityAccessImpl::doIntersectionPrivilege@15 (line 89)
                      ; - java.awt.EventQueue::dispatchEvent@73 (line 744)
  0x00000280e98ee950: ac5c 9eff 

  0x00000280e98ee954: ;   {other}
  0x00000280e98ee954: 0f1f 8400 | 4427 005b | ba45 ffff | ff48 8944 | 2420 4c8b | 4424 404c | 8944 2428 | 4489 5424 
  0x00000280e98ee974: 3044 895c | 2434 894c 

  0x00000280e98ee97c: ;   {runtime_call UncommonTrapBlob}
  0x00000280e98ee97c: 2438 90e8 

  0x00000280e98ee980: ; ImmutableOopMap {rbp=NarrowOop [32]=Oop [40]=Oop [52]=NarrowOop [56]=NarrowOop [72]=Oop [80]=NarrowOop }
                      ;*if_acmpne {reexecute=1 rethrow=0 return_oop=0}
                      ; - (reexecute) java.security.AccessControlContext::optimize@234 (line 639)
                      ; - java.security.ProtectionDomain$JavaSecurityAccessImpl::getCombinedACC@26 (line 113)
                      ; - java.security.ProtectionDomain$JavaSecurityAccessImpl::doIntersectionPrivilege@15 (line 89)
                      ; - java.awt.EventQueue::dispatchEvent@73 (line 744)
  0x00000280e98ee980: 7c5c 9eff 

  0x00000280e98ee984: ;   {other}
  0x00000280e98ee984: 0f1f 8400 | 7427 005c | ba45 ffff | ff4c 8b54 | 2438 4c89 | 5424 2044 | 895c 2440 | 4489 4424 
  0x00000280e98ee9a4: ;   {runtime_call UncommonTrapBlob}
  0x00000280e98ee9a4: 4466 90e8 

  0x00000280e98ee9a8: ; ImmutableOopMap {[32]=Oop [68]=NarrowOop [72]=Oop [80]=Oop [88]=Oop }
                      ;*if_icmpne {reexecute=1 rethrow=0 return_oop=0}
                      ; - (reexecute) java.security.AccessControlContext::optimize@221 (line 639)
                      ; - java.security.ProtectionDomain$JavaSecurityAccessImpl::getCombinedACC@26 (line 113)
                      ; - java.security.ProtectionDomain$JavaSecurityAccessImpl::doIntersectionPrivilege@15 (line 89)
                      ; - java.security.ProtectionDomain$JavaSecurityAccessImpl::doIntersectionPrivilege@6 (line 98)
                      ; - java.awt.EventQueue$5::run@11 (line 747)
                      ; - java.awt.EventQueue$5::run@1 (line 745)
                      ; - java.security.AccessController::executePrivileged@29 (line 778)
                      ; - java.security.AccessController::doPrivileged@13 (line 400)
                      ; - java.security.ProtectionDomain$JavaSecurityAccessImpl::doIntersectionPrivilege@18 (line 87)
                      ; - java.awt.EventQueue::dispatchEvent@73 (line 744)
  0x00000280e98ee9a8: 545c 9eff 

  0x00000280e98ee9ac: ;   {other}
  0x00000280e98ee9ac: 0f1f 8400 | 9c27 005d | ba45 ffff | ff4c 8b54 | 2438 4c89 | 5424 204c | 8b54 2448 | 4c89 5424 
  0x00000280e98ee9cc: 2844 895c | 2440 4489 | 4424 4444 | 894c 2448 

  0x00000280e98ee9dc: ;   {runtime_call UncommonTrapBlob}
  0x00000280e98ee9dc: 6666 90e8 

  0x00000280e98ee9e0: ; ImmutableOopMap {rbp=NarrowOop [32]=Oop [40]=Oop [68]=NarrowOop [72]=NarrowOop [80]=Oop [88]=Oop }
                      ;*if_acmpne {reexecute=1 rethrow=0 return_oop=0}
                      ; - (reexecute) java.security.AccessControlContext::optimize@234 (line 639)
                      ; - java.security.ProtectionDomain$JavaSecurityAccessImpl::getCombinedACC@26 (line 113)
                      ; - java.security.ProtectionDomain$JavaSecurityAccessImpl::doIntersectionPrivilege@15 (line 89)
                      ; - java.security.ProtectionDomain$JavaSecurityAccessImpl::doIntersectionPrivilege@6 (line 98)
                      ; - java.awt.EventQueue$5::run@11 (line 747)
                      ; - java.awt.EventQueue$5::run@1 (line 745)
                      ; - java.security.AccessController::executePrivileged@29 (line 778)
                      ; - java.security.AccessController::doPrivileged@13 (line 400)
                      ; - java.security.ProtectionDomain$JavaSecurityAccessImpl::doIntersectionPrivilege@18 (line 87)
                      ; - java.awt.EventQueue::dispatchEvent@73 (line 744)
  0x00000280e98ee9e0: 1c5c 9eff 

  0x00000280e98ee9e4: ;   {other}
  0x00000280e98ee9e4: 0f1f 8400 | d427 005e | ba45 ffff | ff4c 8b54 | 2438 4c89 | 5424 204c | 8b54 2448 | 4c89 5424 
  0x00000280e98eea04: 304c 8b54 | 2440 4c89 | 5424 3889 | 4c24 2c44 | 894c 2448 

  0x00000280e98eea18: ;   {runtime_call UncommonTrapBlob}
  0x00000280e98eea18: 6666 90e8 

  0x00000280e98eea1c: ; ImmutableOopMap {[32]=Oop [48]=Oop [56]=Oop [72]=NarrowOop [80]=NarrowOop [88]=Oop }
                      ;*if_icmpne {reexecute=1 rethrow=0 return_oop=0}
                      ; - (reexecute) java.security.AccessControlContext::optimize@221 (line 639)
                      ; - java.security.AccessController::getContext@19 (line 1026)
                      ; - java.security.ProtectionDomain$JavaSecurityAccessImpl::doIntersectionPrivilege@2 (line 99)
                      ; - java.awt.EventQueue$5::run@11 (line 747)
                      ; - java.awt.EventQueue$5::run@1 (line 745)
                      ; - java.security.AccessController::executePrivileged@29 (line 778)
                      ; - java.security.AccessController::doPrivileged@13 (line 400)
                      ; - java.security.ProtectionDomain$JavaSecurityAccessImpl::doIntersectionPrivilege@18 (line 87)
                      ; - java.awt.EventQueue::dispatchEvent@73 (line 744)
  0x00000280e98eea1c: e05b 9eff 

  0x00000280e98eea20: ;   {other}
  0x00000280e98eea20: 0f1f 8400 | 1028 005f | ba45 ffff | ff4c 8b54 | 2438 4c89 | 5424 204c | 8b54 2448 | 4c89 5424 
  0x00000280e98eea40: 304c 8b54 | 2440 4c89 | 5424 3889 | 4c24 2c44 | 894c 2448 | 4489 5c24 

  0x00000280e98eea58: ;   {runtime_call UncommonTrapBlob}
  0x00000280e98eea58: 4c66 90e8 

  0x00000280e98eea5c: ; ImmutableOopMap {rbp=NarrowOop [32]=Oop [48]=Oop [56]=Oop [72]=NarrowOop [76]=NarrowOop [80]=NarrowOop [88]=Oop }
                      ;*if_acmpne {reexecute=1 rethrow=0 return_oop=0}
                      ; - (reexecute) java.security.AccessControlContext::optimize@234 (line 639)
                      ; - java.security.AccessController::getContext@19 (line 1026)
                      ; - java.security.ProtectionDomain$JavaSecurityAccessImpl::doIntersectionPrivilege@2 (line 99)
                      ; - java.awt.EventQueue$5::run@11 (line 747)
                      ; - java.awt.EventQueue$5::run@1 (line 745)
                      ; - java.security.AccessController::executePrivileged@29 (line 778)
                      ; - java.security.AccessController::doPrivileged@13 (line 400)
                      ; - java.security.ProtectionDomain$JavaSecurityAccessImpl::doIntersectionPrivilege@18 (line 87)
                      ; - java.awt.EventQueue::dispatchEvent@73 (line 744)
  0x00000280e98eea5c: a05b 9eff 

  0x00000280e98eea60: ;   {other}
  0x00000280e98eea60: 0f1f 8400 | 5028 0060 | ba22 0000 

  0x00000280e98eea6c: ;   {runtime_call UncommonTrapBlob}
  0x00000280e98eea6c: 0066 90e8 

  0x00000280e98eea70: ; ImmutableOopMap {rbp=NarrowOop [40]=NarrowOop [48]=Oop }
                      ;*invokestatic unpark {reexecute=0 rethrow=0 return_oop=0}
                      ; - java.util.concurrent.locks.LockSupport::unpark@12 (line 179)
                      ; - java.util.concurrent.locks.AbstractQueuedSynchronizer::signalNext@30 (line 645)
                      ; - java.util.concurrent.locks.AbstractQueuedSynchronizer::release@12 (line 1060)
                      ; - java.util.concurrent.locks.ReentrantLock::unlock@5 (line 494)
                      ; - java.awt.EventQueue::setCurrentEventAndMostRecentTimeImpl@168 (line 1295)
                      ; - java.awt.EventQueue::dispatchEventImpl@14 (line 772)
                      ; - java.awt.EventQueue$4::run@32 (line 720)
                      ; - java.awt.EventQueue$4::run@1 (line 714)
                      ; - java.security.AccessController::executePrivileged@29 (line 778)
                      ; - java.security.AccessController::doPrivileged@13 (line 400)
                      ; - java.security.ProtectionDomain$JavaSecurityAccessImpl::doIntersectionPrivilege@18 (line 87)
                      ; - java.awt.EventQueue::dispatchEvent@46 (line 742)
  0x00000280e98eea70: 8c5b 9eff 

  0x00000280e98eea74: ;   {other}
  0x00000280e98eea74: 0f1f 8400 | 6428 0061 | ba45 ffff | ff4c 8b54 | 2430 4c89 | 5424 2044 | 894c 2430 

  0x00000280e98eea90: ;   {runtime_call UncommonTrapBlob}
  0x00000280e98eea90: 6666 90e8 

  0x00000280e98eea94: ; ImmutableOopMap {[32]=Oop [40]=NarrowOop [48]=NarrowOop }
                      ;*ifeq {reexecute=1 rethrow=0 return_oop=0}
                      ; - (reexecute) jdk.internal.misc.Unsafe::getAndBitwiseAndInt@21 (line 3233)
                      ; - java.util.concurrent.locks.AbstractQueuedSynchronizer$Node::getAndUnsetStatus@10 (line 481)
                      ; - java.util.concurrent.locks.AbstractQueuedSynchronizer::signalNext@22 (line 644)
                      ; - java.util.concurrent.locks.AbstractQueuedSynchronizer::release@12 (line 1060)
                      ; - java.util.concurrent.locks.ReentrantLock::unlock@5 (line 494)
                      ; - java.awt.EventQueue::setCurrentEventAndMostRecentTimeImpl@168 (line 1295)
                      ; - java.awt.EventQueue::dispatchEventImpl@14 (line 772)
                      ; - java.awt.EventQueue$4::run@32 (line 720)
                      ; - java.awt.EventQueue$4::run@1 (line 714)
                      ; - java.security.AccessController::executePrivileged@29 (line 778)
                      ; - java.security.AccessController::doPrivileged@13 (line 400)
                      ; - java.security.ProtectionDomain$JavaSecurityAccessImpl::doIntersectionPrivilege@18 (line 87)
                      ; - java.awt.EventQueue::dispatchEvent@46 (line 742)
  0x00000280e98eea94: 685b 9eff 

  0x00000280e98eea98: ;   {other}
  0x00000280e98eea98: 0f1f 8400 | 8828 0062 | e918 f2ff | ffe9 13f2 | ffff e90e | f2ff ffe9 | 09f2 ffff | e904 f2ff 
  0x00000280e98eeab8: ffe9 fff1 | ffff e9fa | f1ff ffe9 | f5f1 ffff | e9f0 f1ff | ffba 9dff | ffff 4889 

  0x00000280e98eead4: ;   {runtime_call UncommonTrapBlob}
  0x00000280e98eead4: 4424 28e8 

  0x00000280e98eead8: ; ImmutableOopMap {[32]=Oop [40]=Oop [48]=Oop }
                      ;*astore_2 {reexecute=0 rethrow=0 return_oop=0}
                      ; - java.awt.event.InvocationEvent::dispatch@60 (line 321)
                      ; - java.awt.EventQueue::dispatchEventImpl@21 (line 773)
                      ; - java.awt.EventQueue$4::run@32 (line 720)
                      ; - java.awt.EventQueue$4::run@1 (line 714)
                      ; - java.security.AccessController::executePrivileged@29 (line 778)
                      ; - java.security.AccessController::doPrivileged@13 (line 400)
                      ; - java.security.ProtectionDomain$JavaSecurityAccessImpl::doIntersectionPrivilege@18 (line 87)
                      ; - java.awt.EventQueue::dispatchEvent@46 (line 742)
  0x00000280e98eead8: 245b 9eff 

  0x00000280e98eeadc: ;   {other}
  0x00000280e98eeadc: 0f1f 8400 | cc28 0063 | e9d4 f1ff | ffe9 cff1 | ffff e9ca | f1ff ffe9 | c5f1 ffff | baf6 ffff 
  0x00000280e98eeafc: ;   {runtime_call UncommonTrapBlob}
  0x00000280e98eeafc: ff66 90e8 

  0x00000280e98eeb00: ; ImmutableOopMap {}
                      ;*invokevirtual getSource {reexecute=0 rethrow=0 return_oop=0}
                      ; - java.awt.EventQueue::dispatchEvent@1 (line 713)
  0x00000280e98eeb00: fc5a 9eff 

  0x00000280e98eeb04: ;   {other}
  0x00000280e98eeb04: 0f1f 8400 | f428 0064 | baf4 ffff | ff48 8b6c | 2420 4889 

  0x00000280e98eeb18: ;   {runtime_call UncommonTrapBlob}
  0x00000280e98eeb18: 5c24 30e8 

  0x00000280e98eeb1c: ; ImmutableOopMap {rbp=Oop [48]=Oop [56]=Oop [72]=Oop }
                      ;*instanceof {reexecute=0 rethrow=0 return_oop=0}
                      ; - java.awt.EventQueue::getAccessControlContextFrom@1 (line 756)
                      ; - java.awt.EventQueue::dispatchEvent@22 (line 738)
  0x00000280e98eeb1c: e05a 9eff 

  0x00000280e98eeb20: ;   {other}
  0x00000280e98eeb20: 0f1f 8400 | 1029 0065 | e990 f1ff | ffe9 8bf1 | ffff baf6 

  0x00000280e98eeb34: ;   {runtime_call UncommonTrapBlob}
  0x00000280e98eeb34: ffff ffe8 

  0x00000280e98eeb38: ; ImmutableOopMap {}
                      ;*getfield context {reexecute=1 rethrow=0 return_oop=0}
                      ; - (reexecute) java.security.AccessControlContext::<init>@51 (line 207)
                      ; - java.security.ProtectionDomain$JavaSecurityAccessImpl::getCombinedACC@10 (line 111)
                      ; - java.security.ProtectionDomain$JavaSecurityAccessImpl::doIntersectionPrivilege@15 (line 89)
                      ; - java.awt.EventQueue::dispatchEvent@46 (line 742)
  0x00000280e98eeb38: c45a 9eff 

  0x00000280e98eeb3c: ;   {other}
  0x00000280e98eeb3c: 0f1f 8400 | 2c29 0066 | baf6 ffff 

  0x00000280e98eeb48: ;   {runtime_call UncommonTrapBlob}
  0x00000280e98eeb48: ff66 90e8 

  0x00000280e98eeb4c: ; ImmutableOopMap {}
                      ;*getfield fwDispatcher {reexecute=1 rethrow=0 return_oop=0}
                      ; - (reexecute) java.awt.EventQueue$4::run@4 (line 719)
                      ; - java.awt.EventQueue$4::run@1 (line 714)
                      ; - java.security.AccessController::executePrivileged@29 (line 778)
                      ; - java.security.AccessController::doPrivileged@13 (line 400)
                      ; - java.security.ProtectionDomain$JavaSecurityAccessImpl::doIntersectionPrivilege@18 (line 87)
                      ; - java.awt.EventQueue::dispatchEvent@46 (line 742)
  0x00000280e98eeb4c: b05a 9eff 

  0x00000280e98eeb50: ;   {other}
  0x00000280e98eeb50: 0f1f 8400 | 4029 0067 | baf6 ffff 

  0x00000280e98eeb5c: ;   {runtime_call UncommonTrapBlob}
  0x00000280e98eeb5c: ff66 90e8 

  0x00000280e98eeb60: ; ImmutableOopMap {}
                      ;*putfield isPosted {reexecute=1 rethrow=0 return_oop=0}
                      ; - (reexecute) java.awt.EventQueue::dispatchEventImpl@2 (line 769)
                      ; - java.awt.EventQueue$4::run@32 (line 720)
                      ; - java.awt.EventQueue$4::run@1 (line 714)
                      ; - java.security.AccessController::executePrivileged@29 (line 778)
                      ; - java.security.AccessController::doPrivileged@13 (line 400)
                      ; - java.security.ProtectionDomain$JavaSecurityAccessImpl::doIntersectionPrivilege@18 (line 87)
                      ; - java.awt.EventQueue::dispatchEvent@46 (line 742)
  0x00000280e98eeb60: 9c5a 9eff 

  0x00000280e98eeb64: ;   {other}
  0x00000280e98eeb64: 0f1f 8400 | 5429 0068 | e94c f1ff | ffe9 47f1 | ffff e942 | f1ff ffe9 | 3df1 ffff | e938 f1ff 
  0x00000280e98eeb84: ffe9 33f1 | ffff baf6 

  0x00000280e98eeb8c: ;   {runtime_call UncommonTrapBlob}
  0x00000280e98eeb8c: ffff ffe8 

  0x00000280e98eeb90: ; ImmutableOopMap {}
                      ;*getfield context {reexecute=1 rethrow=0 return_oop=0}
                      ; - (reexecute) java.security.AccessControlContext::<init>@51 (line 207)
                      ; - java.security.ProtectionDomain$JavaSecurityAccessImpl::getCombinedACC@10 (line 111)
                      ; - java.security.ProtectionDomain$JavaSecurityAccessImpl::doIntersectionPrivilege@15 (line 89)
                      ; - java.security.ProtectionDomain$JavaSecurityAccessImpl::doIntersectionPrivilege@6 (line 98)
                      ; - java.awt.EventQueue$5::run@11 (line 747)
                      ; - java.awt.EventQueue$5::run@1 (line 745)
                      ; - java.security.AccessController::executePrivileged@29 (line 778)
                      ; - java.security.AccessController::doPrivileged@13 (line 400)
                      ; - java.security.ProtectionDomain$JavaSecurityAccessImpl::doIntersectionPrivilege@18 (line 87)
                      ; - java.awt.EventQueue::dispatchEvent@73 (line 744)
  0x00000280e98eeb90: 6c5a 9eff 

  0x00000280e98eeb94: ;   {other}
  0x00000280e98eeb94: 0f1f 8400 | 8429 0069 | baf6 ffff | ff89 5c24 | 2444 8954 

  0x00000280e98eeba8: ;   {runtime_call UncommonTrapBlob}
  0x00000280e98eeba8: 2428 90e8 

  0x00000280e98eebac: ; ImmutableOopMap {[36]=NarrowOop [40]=NarrowOop [48]=Oop }
                      ;*invokeinterface lock {reexecute=0 rethrow=0 return_oop=0}
                      ; - java.awt.EventQueue::setCurrentEventAndMostRecentTimeImpl@4 (line 1260)
                      ; - java.awt.EventQueue::dispatchEventImpl@14 (line 772)
                      ; - java.awt.EventQueue$4::run@32 (line 720)
                      ; - java.awt.EventQueue$4::run@1 (line 714)
                      ; - java.security.AccessController::executePrivileged@29 (line 778)
                      ; - java.security.AccessController::doPrivileged@13 (line 400)
                      ; - java.security.ProtectionDomain$JavaSecurityAccessImpl::doIntersectionPrivilege@18 (line 87)
                      ; - java.awt.EventQueue::dispatchEvent@46 (line 742)
  0x00000280e98eebac: 505a 9eff 

  0x00000280e98eebb0: ;   {other}
  0x00000280e98eebb0: 0f1f 8400 | a029 006a | baf6 ffff 

  0x00000280e98eebbc: ;   {runtime_call UncommonTrapBlob}
  0x00000280e98eebbc: ff66 90e8 

  0x00000280e98eebc0: ; ImmutableOopMap {[40]=NarrowOop [48]=Oop }
                      ;*invokeinterface unlock {reexecute=0 rethrow=0 return_oop=0}
                      ; - java.awt.EventQueue::setCurrentEventAndMostRecentTimeImpl@168 (line 1295)
                      ; - java.awt.EventQueue::dispatchEventImpl@14 (line 772)
                      ; - java.awt.EventQueue$4::run@32 (line 720)
                      ; - java.awt.EventQueue$4::run@1 (line 714)
                      ; - java.security.AccessController::executePrivileged@29 (line 778)
                      ; - java.security.AccessController::doPrivileged@13 (line 400)
                      ; - java.security.ProtectionDomain$JavaSecurityAccessImpl::doIntersectionPrivilege@18 (line 87)
                      ; - java.awt.EventQueue::dispatchEvent@46 (line 742)
  0x00000280e98eebc0: 3c5a 9eff 

  0x00000280e98eebc4: ;   {other}
  0x00000280e98eebc4: 0f1f 8400 | b429 006b | baf6 ffff 

  0x00000280e98eebd0: ;   {runtime_call UncommonTrapBlob}
  0x00000280e98eebd0: ff66 90e8 

  0x00000280e98eebd4: ; ImmutableOopMap {[40]=NarrowOop [48]=Oop }
                      ;*invokevirtual release {reexecute=0 rethrow=0 return_oop=0}
                      ; - java.util.concurrent.locks.ReentrantLock::unlock@5 (line 494)
                      ; - java.awt.EventQueue::setCurrentEventAndMostRecentTimeImpl@168 (line 1295)
                      ; - java.awt.EventQueue::dispatchEventImpl@14 (line 772)
                      ; - java.awt.EventQueue$4::run@32 (line 720)
                      ; - java.awt.EventQueue$4::run@1 (line 714)
                      ; - java.security.AccessController::executePrivileged@29 (line 778)
                      ; - java.security.AccessController::doPrivileged@13 (line 400)
                      ; - java.security.ProtectionDomain$JavaSecurityAccessImpl::doIntersectionPrivilege@18 (line 87)
                      ; - java.awt.EventQueue::dispatchEvent@46 (line 742)
  0x00000280e98eebd4: 285a 9eff 

  0x00000280e98eebd8: ;   {other}
  0x00000280e98eebd8: 0f1f 8400 | c829 006c | ba45 ffff | ff48 8b6c | 2420 4c8b | 5424 384c | 8954 2420 | 448b 5c24 
  0x00000280e98eebf8: 4044 895c | 2428 4889 | 4424 3844 | 8944 2440 

  0x00000280e98eec08: ;   {runtime_call UncommonTrapBlob}
  0x00000280e98eec08: 6666 90e8 

  0x00000280e98eec0c: ; ImmutableOopMap {rbp=Oop [32]=Oop [40]=NarrowOop [56]=Oop [64]=NarrowOop [72]=Oop }
                      ;*ifnull {reexecute=1 rethrow=0 return_oop=0}
                      ; - (reexecute) java.security.AccessControlContext::optimize@20 (line 577)
                      ; - java.security.AccessController::getContext@19 (line 1026)
                      ; - java.awt.EventQueue::dispatchEvent@16 (line 736)
  0x00000280e98eec0c: f059 9eff 

  0x00000280e98eec10: ;   {other}
  0x00000280e98eec10: 0f1f 8400 | 002a 006d | ba45 ffff | ff48 8b6c | 2420 4c8b | 5424 384c | 8954 2420 | 448b 5c24 
  0x00000280e98eec30: 4044 895c | 2428 4c8b | 5424 484c | 8954 2430 | 4889 4424 

  0x00000280e98eec44: ;   {runtime_call UncommonTrapBlob}
  0x00000280e98eec44: 4866 90e8 

  0x00000280e98eec48: ; ImmutableOopMap {rbp=Oop [32]=Oop [40]=NarrowOop [48]=Oop [72]=Oop [80]=Oop }
                      ;*ifnull {reexecute=1 rethrow=0 return_oop=0}
                      ; - (reexecute) java.security.AccessControlContext::optimize@49 (line 590)
                      ; - java.security.AccessController::getContext@19 (line 1026)
                      ; - java.awt.EventQueue::dispatchEvent@16 (line 736)
  0x00000280e98eec48: b459 9eff 

  0x00000280e98eec4c: ;   {other}
  0x00000280e98eec4c: 0f1f 8400 | 3c2a 006e | ba45 ffff | ff48 8b6c | 2438 4489 

  0x00000280e98eec60: ;   {runtime_call UncommonTrapBlob}
  0x00000280e98eec60: 5c24 38e8 

  0x00000280e98eec64: ; ImmutableOopMap {rbp=Oop [56]=NarrowOop [64]=Oop [72]=Oop [80]=NarrowOop }
                      ;*ifnull {reexecute=1 rethrow=0 return_oop=0}
                      ; - (reexecute) java.security.AccessControlContext::optimize@20 (line 577)
                      ; - java.security.AccessController::getContext@19 (line 1026)
                      ; - java.security.ProtectionDomain$JavaSecurityAccessImpl::doIntersectionPrivilege@2 (line 99)
                      ; - java.awt.EventQueue$5::run@11 (line 747)
                      ; - java.awt.EventQueue$5::run@1 (line 745)
                      ; - java.security.AccessController::executePrivileged@29 (line 778)
                      ; - java.security.AccessController::doPrivileged@13 (line 400)
                      ; - java.security.ProtectionDomain$JavaSecurityAccessImpl::doIntersectionPrivilege@18 (line 87)
                      ; - java.awt.EventQueue::dispatchEvent@73 (line 744)
  0x00000280e98eec64: 9859 9eff 

  0x00000280e98eec68: ;   {other}
  0x00000280e98eec68: 0f1f 8400 | 582a 006f | baf4 ffff | ff89 5c24 | 2044 8954 

  0x00000280e98eec7c: ;   {runtime_call UncommonTrapBlob}
  0x00000280e98eec7c: 2424 90e8 

  0x00000280e98eec80: ; ImmutableOopMap {[32]=NarrowOop [36]=NarrowOop [48]=Oop }
                      ;*instanceof {reexecute=0 rethrow=0 return_oop=0}
                      ; - java.awt.EventQueue::dispatchEventImpl@30 (line 774)
                      ; - java.awt.EventQueue$4::run@32 (line 720)
                      ; - java.awt.EventQueue$4::run@1 (line 714)
                      ; - java.security.AccessController::executePrivileged@29 (line 778)
                      ; - java.security.AccessController::doPrivileged@13 (line 400)
                      ; - java.security.ProtectionDomain$JavaSecurityAccessImpl::doIntersectionPrivilege@18 (line 87)
                      ; - java.awt.EventQueue::dispatchEvent@46 (line 742)
  0x00000280e98eec80: 7c59 9eff 

  0x00000280e98eec84: ;   {other}
  0x00000280e98eec84: 0f1f 8400 | 742a 0070 | ba45 ffff | ff48 8b6c | 2438 4c8b | 5424 404c | 8954 2430 | 4889 4424 
  0x00000280e98eeca4: ;   {runtime_call UncommonTrapBlob}
  0x00000280e98eeca4: 4066 90e8 

  0x00000280e98eeca8: ; ImmutableOopMap {rbp=Oop [48]=Oop [64]=Oop [72]=Oop [80]=NarrowOop }
                      ;*ifnull {reexecute=1 rethrow=0 return_oop=0}
                      ; - (reexecute) java.security.AccessControlContext::optimize@49 (line 590)
                      ; - java.security.AccessController::getContext@19 (line 1026)
                      ; - java.security.ProtectionDomain$JavaSecurityAccessImpl::doIntersectionPrivilege@2 (line 99)
                      ; - java.awt.EventQueue$5::run@11 (line 747)
                      ; - java.awt.EventQueue$5::run@1 (line 745)
                      ; - java.security.AccessController::executePrivileged@29 (line 778)
                      ; - java.security.AccessController::doPrivileged@13 (line 400)
                      ; - java.security.ProtectionDomain$JavaSecurityAccessImpl::doIntersectionPrivilege@18 (line 87)
                      ; - java.awt.EventQueue::dispatchEvent@73 (line 744)
  0x00000280e98eeca8: 5459 9eff 

  0x00000280e98eecac: ;   {other}
  0x00000280e98eecac: 0f1f 8400 | 9c2a 0071 | ba45 ffff | ff44 895c 

  0x00000280e98eecbc: ;   {runtime_call UncommonTrapBlob}
  0x00000280e98eecbc: 2428 90e8 

  0x00000280e98eecc0: ; ImmutableOopMap {[32]=NarrowOop [40]=NarrowOop [48]=Oop }
                      ;*ifnonnull {reexecute=1 rethrow=0 return_oop=0}
                      ; - (reexecute) sun.awt.AWTAccessor::getInputEventAccessor@5 (line 987)
                      ; - java.awt.AWTEvent::dispatched@7 (line 596)
                      ; - java.awt.EventQueue::dispatchEventImpl@45 (line 776)
                      ; - java.awt.EventQueue$4::run@32 (line 720)
                      ; - java.awt.EventQueue$4::run@1 (line 714)
                      ; - java.security.AccessController::executePrivileged@29 (line 778)
                      ; - java.security.AccessController::doPrivileged@13 (line 400)
                      ; - java.security.ProtectionDomain$JavaSecurityAccessImpl::doIntersectionPrivilege@18 (line 87)
                      ; - java.awt.EventQueue::dispatchEvent@46 (line 742)
  0x00000280e98eecc0: 3c59 9eff 

  0x00000280e98eecc4: ;   {other}
  0x00000280e98eecc4: 0f1f 8400 | b42a 0072 | e9ec efff | ffe9 e7ef | ffff e9e2 | efff ffe9 | ddef ffff | e9d8 efff 
  0x00000280e98eece4: ffe9 d3ef | ffff e9ce | efff ffe9 | c9ef ffff | e9c4 efff | ffe9 bfef | ffff e9ba | efff ffba 
  0x00000280e98eed04: 9dff ffff | 4889 4424 

  0x00000280e98eed0c: ;   {runtime_call UncommonTrapBlob}
  0x00000280e98eed0c: 2866 90e8 

  0x00000280e98eed10: ; ImmutableOopMap {[32]=NarrowOop [36]=NarrowOop [40]=Oop [48]=Oop }
                      ;*astore {reexecute=0 rethrow=0 return_oop=0}
                      ; - java.awt.EventQueue::setCurrentEventAndMostRecentTimeImpl@176 (line 1295)
                      ; - java.awt.EventQueue::dispatchEventImpl@14 (line 772)
                      ; - java.awt.EventQueue$4::run@32 (line 720)
                      ; - java.awt.EventQueue$4::run@1 (line 714)
                      ; - java.security.AccessController::executePrivileged@29 (line 778)
                      ; - java.security.AccessController::doPrivileged@13 (line 400)
                      ; - java.security.ProtectionDomain$JavaSecurityAccessImpl::doIntersectionPrivilege@18 (line 87)
                      ; - java.awt.EventQueue::dispatchEvent@46 (line 742)
  0x00000280e98eed10: ec58 9eff 

  0x00000280e98eed14: ;   {other}
  0x00000280e98eed14: 0f1f 8400 | 042b 0073 | e99c efff | ffe9 97ef | ffff e992 

  0x00000280e98eed28: ;   {internal_word}
  0x00000280e98eed28: efff ff49 | ba00 d28e | e980 0200 | 004d 8997 | 7004 0000 

  0x00000280e98eed3c: ;   {runtime_call SafepointBlob}
  0x00000280e98eed3c: e9bf 699e 

  0x00000280e98eed40: ;   {runtime_call StubRoutines (final stubs)}
  0x00000280e98eed40: ffe8 9a5f | 9cff e9b3 | d9ff fff4 | f4f4 f4f4 
[Stub Code]
  0x00000280e98eed50: ;   {no_reloc}
  0x00000280e98eed50: 48bb 0000 | 0000 0000 

  0x00000280e98eed58: ;   {runtime_call}
  0x00000280e98eed58: 0000 e9fb 

  0x00000280e98eed5c: ;   {static_stub}
  0x00000280e98eed5c: ffff ff48 | bb00 0000 | 0000 0000 

  0x00000280e98eed68: ;   {runtime_call}
  0x00000280e98eed68: 00e9 fbff 

  0x00000280e98eed6c: ;   {static_stub}
  0x00000280e98eed6c: ffff 48bb | 0000 0000 | 0000 0000 

  0x00000280e98eed78: ;   {runtime_call}
  0x00000280e98eed78: e9fb ffff 

  0x00000280e98eed7c: ;   {static_stub}
  0x00000280e98eed7c: ff48 bb00 | 0000 0000 

  0x00000280e98eed84: ;   {runtime_call}
  0x00000280e98eed84: 0000 00e9 | fbff ffff 

  0x00000280e98eed8c: ;   {static_stub}
  0x00000280e98eed8c: 48bb a879 | 1680 8002 

  0x00000280e98eed94: ;   {runtime_call I2C/C2I adapters}
  0x00000280e98eed94: 0000 e9cc 

  0x00000280e98eed98: ;   {static_stub}
  0x00000280e98eed98: 4f9e ff48 | bb00 0000 | 0000 0000 

  0x00000280e98eeda4: ;   {runtime_call}
  0x00000280e98eeda4: 00e9 fbff 

  0x00000280e98eeda8: ;   {static_stub}
  0x00000280e98eeda8: ffff 48bb | 0000 0000 | 0000 0000 

  0x00000280e98eedb4: ;   {runtime_call}
  0x00000280e98eedb4: e9fb ffff 

  0x00000280e98eedb8: ;   {static_stub}
  0x00000280e98eedb8: ff48 bb00 | 0000 0000 

  0x00000280e98eedc0: ;   {runtime_call}
  0x00000280e98eedc0: 0000 00e9 | fbff ffff 

  0x00000280e98eedc8: ;   {static_stub}
  0x00000280e98eedc8: 48bb 0000 | 0000 0000 

  0x00000280e98eedd0: ;   {runtime_call}
  0x00000280e98eedd0: 0000 e9fb 

  0x00000280e98eedd4: ;   {runtime_call ExceptionBlob}
  0x00000280e98eedd4: ffff ffe9 | a4f0 aaff 
[Deopt Handler Code]
  0x00000280e98eeddc: e800 0000 | 0048 832c 

  0x00000280e98eede4: ;   {runtime_call DeoptimizationBlob}
  0x00000280e98eede4: 2405 e9b5 | 5b9e fff4 | f4f4 f4f4 
[/MachCode]


Compiled method (c2) 798323 2558   !   4       java.awt.EventDispatchThread::pumpOneEventForFilters (106 bytes)
 total in heap  [0x00000280e9909790,0x00000280e990bc18] = 9352
 relocation     [0x00000280e99098e8,0x00000280e9909a50] = 360
 main code      [0x00000280e9909a60,0x00000280e990ade0] = 4992
 stub code      [0x00000280e990ade0,0x00000280e990ae50] = 112
 oops           [0x00000280e990ae50,0x00000280e990ae58] = 8
 metadata       [0x00000280e990ae58,0x00000280e990afb0] = 344
 scopes data    [0x00000280e990afb0,0x00000280e990b6e8] = 1848
 scopes pcs     [0x00000280e990b6e8,0x00000280e990ba38] = 848
 dependencies   [0x00000280e990ba38,0x00000280e990ba88] = 80
 handler table  [0x00000280e990ba88,0x00000280e990bbc0] = 312
 nul chk table  [0x00000280e990bbc0,0x00000280e990bc18] = 88

[Constant Pool (empty)]

[MachCode]
[Entry Point]
  # {method} {0x00000280c11ce460} 'pumpOneEventForFilters' '(I)V' in 'java/awt/EventDispatchThread'
  # this:     rdx:rdx   = 'java/awt/EventDispatchThread'
  # parm0:    r8        = int
  #           [sp+0x90]  (sp of caller)
  0x00000280e9909a60: 448b 5208 | 49bb 0000 | 0080 8002 | 0000 4d03 | d349 3bc2 

  0x00000280e9909a74: ;   {runtime_call ic_miss_stub}
  0x00000280e9909a74: 0f85 064d | 9cff 6690 | 0f1f 4000 
[Verified Entry Point]
  0x00000280e9909a80: 8984 2400 | 80ff ff55 | 4881 ec80 | 0000 0090 | 4181 7f20 | 0100 0000 | 0f85 3813 | 0000 4c8b 
  0x00000280e9909aa0: d244 8944 | 2420 4183 | f8ff 0f85 | 150c 0000 | 498b ea48 | 8d5c 2470 | 498b 02a8 | 020f 8523 
  0x00000280e9909ac0: 0000 0048 | 83c8 0148 | 8903 f049 | 0fb1 1a0f | 8437 0000 | 0048 2bc4 | 4825 07f0 | ffff 4889 
  0x00000280e9909ae0: 03e9 2400 | 0000 4c8b | d848 33c0 | f04d 0fb1 | 7b3e 48c7 | 0303 0000 | 0074 114c | 3bf8 7515 
  0x00000280e9909b00: 49ff 8386 | 0000 0048 | 33c0 7509 | 49ff 8758 | 0500 0033 | c00f 850d | 0b00 008b | 5d78 488d 
  0x00000280e9909b20: 4424 7048 | 8338 000f | 847b 0000 | 004c 8b55 | 0041 f6c2 | 020f 8462 | 0000 0049 | 83ba 8600 
  0x00000280e9909b40: 0000 0074 | 0949 ff8a | 8600 0000 | eb4b 498b | 8296 0000 | 0049 0b82 | 8e00 0000 | 750a 49c7 
  0x00000280e9909b60: 423e 0000 | 0000 eb3e | 4983 ba9e | 0000 0000 

  0x00000280e9909b70: ;   {no_reloc}
  0x00000280e9909b70: 7422 4833 | c049 c742 | 3e00 0000 | 00f0 8304 | 2400 4983 | ba9e 0000 | 0000 750d | f04d 0fb1 
  0x00000280e9909b90: 7a3e 7505 | 83c8 01eb | 0da8 00eb | 094c 8b10 | f04c 0fb1 | 5500 750a | 49ff 8f58 | 0500 0045 
  0x00000280e9909bb0: 33d2 0f85 | 8d0a 0000 | 85db 0f84 | 300a 0000 | 4889 6c24 | 384d 8d14 | dc4c 8954 | 2428 895c 
  0x00000280e9909bd0: 2430 498b 

  0x00000280e9909bd4: ;   {optimized virtual_call}
  0x00000280e9909bd4: d266 90e8 

  0x00000280e9909bd8: ; ImmutableOopMap {rbp=Oop [40]=Oop [48]=NarrowOop [56]=Oop }
                      ;*invokevirtual getNextEvent {reexecute=0 rethrow=0 return_oop=1}
                      ; - java.awt.EventDispatchThread::pumpOneEventForFilters@20 (line 190)
  0x00000280e9909bd8: 648e feff 

  0x00000280e9909bdc: ;   {other}
  0x00000280e9909bdc: 0f1f 8400 | 4c04 0000 | 4889 4424 | 504c 8bd5 | 458b 4a7c | 4585 c90f | 840b 0a00 | 004f 8d1c 
  0x00000280e9909bfc: cc48 8d5c | 2470 498b | 03a8 020f | 8523 0000 | 0048 83c8 | 0148 8903 | f049 0fb1 | 1b0f 8437 
  0x00000280e9909c1c: 0000 0048 | 2bc4 4825 | 07f0 ffff | 4889 03e9 | 2400 0000 | 4c8b d048 | 33c0 f04d | 0fb1 7a3e 
  0x00000280e9909c3c: 48c7 0303 | 0000 0074 | 114c 3bf8 | 7515 49ff | 8286 0000 | 0048 33c0 | 7509 49ff | 8758 0500 
  0x00000280e9909c5c: 0033 c00f | 8505 0a00 | 004c 8b54 | 2438 458b | 427c 438b | 4cc4 10ff | c985 c97d | 20bf 0100 
  0x00000280e9909c7c: 0000 4c8b | 6c24 50e9 | 9600 0000 | 4c8b 4424 | 3845 8b40 | 7c41 8bca | 4c89 6c24 | 5043 8b5c 
  0x00000280e9909c9c: c410 85db | 0f8c 0209 | 0000 3bcb | 0f83 7508 | 0000 478b | 44c4 1444 | 8bd1 438b | 5cc4 0c44 
  0x00000280e9909cbc: 3bd3 0f83 | a808 0000 | 49c1 e003 | 438b 5c90 | 1045 8b44 

  0x00000280e9909cd0: ;   {metadata('java/awt/EventDispatchThread$HierarchyEventFilter')}
  0x00000280e9909cd0: dc08 4181 | f818 b906 | 010f 85d0 | 0100 0049 | 8d14 dc44 

  0x00000280e9909ce4: ;   {metadata('java/awt/EventDispatchThread$HierarchyEventFilter')}
  0x00000280e9909ce4: 8b42 0841 | 81f8 18b9 | 0601 0f85 | 9601 0000 | 8b6a 0c85 | ed0f 856d | 0a00 004c | 8b6c 2450 
  0x00000280e9909d04: 498b bf60 | 0400 0041 

  0x00000280e9909d0c: ; ImmutableOopMap {r11=Oop r9=NarrowOop r13=Oop [40]=Oop [48]=NarrowOop [56]=Oop }
                      ;*goto {reexecute=1 rethrow=0 return_oop=0}
                      ; - (reexecute) java.awt.EventDispatchThread::filterAndCheckEvent@76 (line 167)
                      ; - java.awt.EventDispatchThread::pumpOneEventForFilters@35 (line 192)
                      ;   {poll}
  0x00000280e9909d0c: ffca 8507 | 4585 d20f | 8d6f ffff | ffbf 0100 | 0000 488d | 4424 7048 | 8338 000f | 8479 0000 
  0x00000280e9909d2c: 004d 8b13 | 41f6 c202 | 0f84 6200 | 0000 4983 | ba86 0000 | 0000 7409 | 49ff 8a86 | 0000 00eb 
  0x00000280e9909d4c: 4b49 8b82 | 9600 0000 | 490b 828e | 0000 0075 | 0a49 c742 | 3e00 0000 | 00eb 3d49 | 83ba 9e00 
  0x00000280e9909d6c: 0000 0074 | 2248 33c0 | 49c7 423e | 0000 0000 | f083 0424 | 0049 83ba | 9e00 0000 | 0075 0df0 
  0x00000280e9909d8c: 4d0f b17a | 3e75 0583 | c801 eb0c | a800 eb08 | 4c8b 10f0 | 4d0f b113 | 750a 49ff | 8f58 0500 
  0x00000280e9909dac: 0045 33d2 | 0f85 ea08 | 0000 85ff | 0f84 e303 

  0x00000280e9909dbc: ;   {oop(a 'java/lang/Class'{0x000000074f1ce8f0} = 'sun/awt/dnd/SunDragSourceContextPeer')}
  0x00000280e9909dbc: 0000 49ba | f0e8 1c4f | 0700 0000 | 410f b6aa | 8900 0000 | 85ed 0f85 | b809 0000 | 41ba 0100 
  0x00000280e9909ddc: 0000 4d8b | 9f60 0400 

  0x00000280e9909de4: ; ImmutableOopMap {r13=Oop [40]=Oop [48]=NarrowOop [56]=Oop }
                      ;*ifeq {reexecute=1 rethrow=0 return_oop=0}
                      ; - (reexecute) java.awt.EventDispatchThread::pumpOneEventForFilters@48 (line 197)
                      ;   {poll}
  0x00000280e9909de4: 0041 8503 | 4585 d20f | 84a6 0300 

  0x00000280e9909df0: ;   {oop(a 'sun/util/logging/PlatformLogger'{0x000000074f01b168})}
  0x00000280e9909df0: 0049 ba68 | b101 4f07 | 0000 0041 | 8b6a 0c45 | 8b5c ec08 

  0x00000280e9909e04: ;   {metadata('jdk/internal/logger/LazyLoggers$JdkLazyLogger')}
  0x00000280e9909e04: 4181 fbc0 | b004 010f | 85cb 0800 | 0049 8d3c | ec8b 6f0c 

  0x00000280e9909e18: ; implicit exception: dispatches to 0x00000280e990abc0
  0x00000280e9909e18: 458b 54ec 

  0x00000280e9909e1c: ;   {metadata('jdk/internal/logger/LazyLoggers$LazyLoggerAccessor')}
  0x00000280e9909e1c: 0841 81fa | c0b6 0401 | 0f85 ca08 | 0000 498d | 34ec 448b | 5e20 4585 | db0f 8431 | 0200 0049 
  0x00000280e9909e3c: c1e3 0345 

  0x00000280e9909e40: ;   {metadata('jdk/internal/logger/SurrogateLogger')}
  0x00000280e9909e40: 8b53 0841 | 81fa a833 | 0601 0f85 | cc08 0000 | 418b 6b14 | 85ed 0f85 | e808 0000 | 488b 5424 
  0x00000280e9909e60: 284d 8bc5 

  0x00000280e9909e64: ;   {optimized virtual_call}
  0x00000280e9909e64: 6666 90e8 

  0x00000280e9909e68: ; ImmutableOopMap {[56]=Oop }
                      ;*invokevirtual dispatchEvent {reexecute=0 rethrow=0 return_oop=0}
                      ; - java.awt.EventDispatchThread::pumpOneEventForFilters@81 (line 203)
  0x00000280e9909e68: 7428 feff 

  0x00000280e9909e6c: ;   {other}
  0x00000280e9909e6c: 0f1f 8400 | dc06 0003 | 4881 c480 | 0000 005d 

  0x00000280e9909e7c: ;   {poll_return}
  0x00000280e9909e7c: 493b a758 | 0400 000f | 8737 0f00 

  0x00000280e9909e88: ;   {metadata('java/awt/ModalEventFilter$ApplicationModalEventFilter')}
  0x00000280e9909e88: 00c3 4181 | f828 6e13 | 010f 85c1 | 0900 0044 | 0fb6 420c | 4585 c00f | 848f 0000 | 004c 8b6c 
  0x00000280e9909ea8: 2450 e955 

  0x00000280e9909eac: ;   {metadata('java/awt/ModalEventFilter$ApplicationModalEventFilter')}
  0x00000280e9909eac: feff ff41 | 81f8 286e | 1301 0f84 | 23fe ffff 

  0x00000280e9909ebc: ;   {metadata('java/awt/EventFilter')}
  0x00000280e9909ebc: 48b8 20b7 | 0681 8002 | 0000 48be | 0000 0080 | 8002 0000 | 4903 f04c | 8b46 204c | 3bc0 0f84 
  0x00000280e9909edc: fffd ffff | 488b 7e28 | 8b0f 4883 | c708 4885 | c0f2 48af | 0f85 0400 | 0000 4889 | 4620 0f84 
  0x00000280e9909efc: dffd ffff | bade ffff | ff44 8b5c | 2430 4489 | 5c24 2848 | ff74 2438 | 488f 4424 | 3044 8954 
  0x00000280e9909f1c: 242c 895c | 2440 4489 

  0x00000280e9909f24: ;   {runtime_call UncommonTrapBlob}
  0x00000280e9909f24: 4c24 48e8 

  0x00000280e9909f28: ; ImmutableOopMap {[40]=NarrowOop [48]=Oop [64]=NarrowOop [72]=NarrowOop [80]=Oop }
                      ;*checkcast {reexecute=0 rethrow=0 return_oop=0}
                      ; - java.awt.EventDispatchThread::filterAndCheckEvent@34 (line 168)
                      ; - java.awt.EventDispatchThread::pumpOneEventForFilters@35 (line 192)
  0x00000280e9909f28: d4a6 9cff 

  0x00000280e9909f2c: ;   {other}
  0x00000280e9909f2c: 0f1f 8400 | 9c07 0004 | 448b 4210 

  0x00000280e9909f38: ; implicit exception: dispatches to 0x00000280e990abd8
  0x00000280e9909f38: 430f b64c | c431 85c9 | 0f84 5fff | ffff 4c8b | 6c24 5041 | 8b4d 1044 | 8d81 0cfe | ffff 4183 
  0x00000280e9909f58: f808 7214 | 81f9 e903 | 0000 740c | 81f9 c900 | 0000 0f85 | 94fd ffff | 458b 450c 

  0x00000280e9909f74: ; implicit exception: dispatches to 0x00000280e990ac38
  0x00000280e9909f74: 438b 4cc4 

  0x00000280e9909f78: ;   {metadata('sun/awt/ModalExclude')}
  0x00000280e9909f78: 0848 b8c0 | 2e12 8180 | 0200 0048 | be00 0000 | 8080 0200 | 0048 03f1 | 488b 4e20 | 483b c80f 
  0x00000280e9909f98: 8467 fdff | ff48 8b7e | 288b 0f48 | 83c7 0848 | 85c0 f248 | af0f 8504 | 0000 0048 | 8946 200f 
  0x00000280e9909fb8: 8447 fdff | ff48 8b4e 

  0x00000280e9909fc0: ;   {metadata('java/awt/Component')}
  0x00000280e9909fc0: 3848 bb30 | d105 8180 | 0200 0048 | 3bcb 0f85 | 30fd ffff | 49c1 e003 

  0x00000280e9909fd8: ;   {metadata('java/awt/Window')}
  0x00000280e9909fd8: 48b8 30e8 | 0681 8002 | 0000 418b | 5808 48b9 | 0000 0080 | 8002 0000 | 4803 cb48 | 8b49 4848 
  0x00000280e9909ff8: 3bc8 0f85 | 7104 0000 | 4489 5424 | 244c 895c | 2448 4489 | 4c24 344c | 896c 2440 | 488b 6c24 
  0x00000280e990a018: ;   {optimized virtual_call}
  0x00000280e990a018: 3866 90e8 

  0x00000280e990a01c: ; ImmutableOopMap {rbp=Oop [40]=Oop [48]=NarrowOop [52]=NarrowOop [64]=Oop [72]=Oop }
                      ;*invokevirtual acceptWindow {reexecute=0 rethrow=0 return_oop=1}
                      ; - java.awt.ModalEventFilter::acceptEvent@123 (line 66)
                      ; - java.awt.EventDispatchThread::filterAndCheckEvent@42 (line 169)
                      ; - java.awt.EventDispatchThread::pumpOneEventForFilters@35 (line 192)
  0x00000280e990a01c: 604a 9cff 

  0x00000280e990a020: ;   {other}
  0x00000280e990a020: 0f1f 8400 | 9008 0005 

  0x00000280e990a028: ;   {oop(a 'java/awt/EventFilter$FilterAction'{0x000000074f1c2de0})}
  0x00000280e990a028: 49ba e02d | 1c4f 0700 | 0000 493b | c20f 8407 

  0x00000280e990a038: ;   {oop(a 'java/awt/EventFilter$FilterAction'{0x000000074f1ce8d8})}
  0x00000280e990a038: 0800 0049 | bad8 e81c | 4f07 0000 | 0049 3bc2 | 0f84 bc04 | 0000 4889 | 6c24 384c | 8b6c 2440 
  0x00000280e990a058: 448b 4c24 | 344c 8b5c | 2448 448b | 5424 24e9 | 98fc ffff | 488d 5c24 | 7048 8b06 | a802 0f85 
  0x00000280e990a078: 2300 0000 | 4883 c801 | 4889 03f0 | 480f b11e | 0f84 3700 | 0000 482b | c448 2507 | f0ff ff48 
  0x00000280e990a098: 8903 e924 | 0000 004c | 8bd0 4833 | c0f0 4d0f | b17a 3e48 | c703 0300 | 0000 7411 | 4c3b f875 
  0x00000280e990a0b8: 1549 ff82 | 8600 0000 | 4833 c075 | 0949 ff87 | 5805 0000 | 33c0 0f85 | 5608 0000 | 443b 661c 
  0x00000280e990a0d8: 0f84 e400 | 0000 443b | 6620 0f84 | ef02 0000 | 8b6e 2048 | 8d44 2470 | 4883 3800 | 0f84 7900 
  0x00000280e990a0f8: 0000 4c8b | 1641 f6c2 | 020f 8462 | 0000 0049 | 83ba 8600 | 0000 0074 | 0949 ff8a | 8600 0000 
  0x00000280e990a118: eb4b 498b | 8296 0000 | 0049 0b82 | 8e00 0000 | 750a 49c7 | 423e 0000 | 0000 eb3d | 4983 ba9e 
  0x00000280e990a138: ;   {no_reloc}
  0x00000280e990a138: 0000 0000 | 7422 4833 | c049 c742 | 3e00 0000 | 00f0 8304 | 2400 4983 | ba9e 0000 | 0000 750d 
  0x00000280e990a158: f04d 0fb1 | 7a3e 7505 | 83c8 01eb | 0ca8 00eb | 084c 8b10 | f04c 0fb1 | 1675 0a49 | ff8f 5805 
  0x00000280e990a178: 0000 4533 | d20f 85ea | 0700 0085 | ed0f 8411 | 0800 004c | 8bdd 49c1 | e303 e9a8 | fcff ff4c 
  0x00000280e990a198: 8b54 2438 | e90f f9ff | ff45 8b55 

  0x00000280e990a1a4: ;   {metadata('java/awt/event/MouseEvent')}
  0x00000280e990a1a4: 0841 81fa | c007 1001 | 0f85 1208 | 0000 4d8b | d541 c642 | 1401 4533 | d2e9 1cfc | ffff 488d 
  0x00000280e990a1c4: 4424 7048 | 8338 000f | 8479 0000 | 004c 8b16 | 41f6 c202 | 0f84 6200 | 0000 4983 | ba86 0000 
  0x00000280e990a1e4: 0000 7409 | 49ff 8a86 | 0000 00eb | 4b49 8b82 | 9600 0000 | 490b 828e | 0000 0075 | 0a49 c742 
  0x00000280e990a204: 3e00 0000 | 00eb 3d49 | 83ba 9e00 | 0000 0074 | 2248 33c0 | 49c7 423e | 0000 0000 | f083 0424 
  0x00000280e990a224: 0049 83ba | 9e00 0000 | 0075 0df0 | 4d0f b17a | 3e75 0583 | c801 eb0c | a800 eb08 | 4c8b 10f0 
  0x00000280e990a244: 4c0f b116 | 750a 49ff | 8f58 0500 | 0045 33d2 | 0f85 8e07 | 0000 8b6e | 1485 ed0f | 85a8 0700 
  0x00000280e990a264: 0048 8bee | 4889 7c24 | 484c 896c | 2440 4533 | c048 8bd6 

  0x00000280e990a278: ;   {static_call}
  0x00000280e990a278: 6666 90e8 

  0x00000280e990a27c: ; ImmutableOopMap {rbp=Oop [40]=Oop [48]=NarrowOop [56]=Oop [64]=Oop [72]=Oop }
                      ;*invokestatic getLogger {reexecute=0 rethrow=0 return_oop=1}
                      ; - jdk.internal.logger.LazyLoggers$LazyLoggerAccessor::platform@62 (line 211)
                      ; - jdk.internal.logger.LazyLoggers$LazyLoggerWrapper::platformProxy@4 (line 337)
                      ; - jdk.internal.logger.AbstractLoggerWrapper::isLoggable@1 (line 122)
                      ; - sun.util.logging.PlatformLogger::isLoggable@17 (line 340)
                      ; - java.awt.EventDispatchThread::pumpOneEventForFilters@57 (line 199)
  0x00000280e990a27c: 004e 9cff 

  0x00000280e990a280: ;   {other}
  0x00000280e990a280: 0f1f 8400 | f00a 0006 | 4889 4424 | 204c 8bdd | 488d 5c24 | 7049 8b03 | a802 0f85 | 2300 0000 
  0x00000280e990a2a0: 4883 c801 | 4889 03f0 | 490f b11b | 0f84 3700 | 0000 482b | c448 2507 | f0ff ff48 | 8903 e924 
  0x00000280e990a2c0: 0000 004c | 8bd0 4833 | c0f0 4d0f | b17a 3e48 | c703 0300 | 0000 7411 | 4c3b f875 | 1549 ff82 
  0x00000280e990a2e0: 8600 0000 | 4833 c075 | 0949 ff87 | 5805 0000 | 33c0 0f85 | 4007 0000 | 4c89 5c24 | 5049 8bd3 
  0x00000280e990a300: 4c8b 4424 

  0x00000280e990a304: ;   {optimized virtual_call}
  0x00000280e990a304: 2066 90e8 

  0x00000280e990a308: ; ImmutableOopMap {[40]=Oop [48]=NarrowOop [56]=Oop [64]=Oop [72]=Oop [80]=Oop }
                      ;*invokevirtual setWrappedIfNotSet {reexecute=0 rethrow=0 return_oop=0}
                      ; - jdk.internal.logger.LazyLoggers$LazyLoggerAccessor::platform@72 (line 214)
                      ; - jdk.internal.logger.LazyLoggers$LazyLoggerWrapper::platformProxy@4 (line 337)
                      ; - jdk.internal.logger.AbstractLoggerWrapper::isLoggable@1 (line 122)
                      ; - sun.util.logging.PlatformLogger::isLoggable@17 (line 340)
                      ; - java.awt.EventDispatchThread::pumpOneEventForFilters@57 (line 199)
  0x00000280e990a308: 7447 9cff 

  0x00000280e990a30c: ;   {other}
  0x00000280e990a30c: 0f1f 8400 | 7c0b 0007 | 488b 7c24 | 5044 3b67 | 200f 8470 | 0100 008b | 6f20 488d | 4424 7048 
  0x00000280e990a32c: 8338 000f | 8479 0000 | 004c 8b17 | 41f6 c202 | 0f84 6200 | 0000 4983 | ba86 0000 | 0000 7409 
  0x00000280e990a34c: 49ff 8a86 | 0000 00eb | 4b49 8b82 | 9600 0000 | 490b 828e | 0000 0075 | 0a49 c742 | 3e00 0000 
  0x00000280e990a36c: 00eb 3d49 | 83ba 9e00 | 0000 0074 | 2248 33c0 | 49c7 423e | 0000 0000 | f083 0424 | 0049 83ba 
  0x00000280e990a38c: 9e00 0000 | 0075 0df0 | 4d0f b17a | 3e75 0583 | c801 eb0c | a800 eb08 | 4c8b 10f0 | 4c0f b117 
  0x00000280e990a3ac: 750a 49ff | 8f58 0500 | 0045 33d2 | 0f85 9a06 | 0000 85ed | 0f84 cc05 | 0000 4c8b | dd49 c1e3 
  0x00000280e990a3cc: 034c 8b6c | 2440 e968 | faff ff48 | 897c 2440 | 4c89 6c24 | 2048 8b6c | 2438 448b | 5e1c 4889 
  0x00000280e990a3ec: 7424 3849 | 8bd3 48c1 

  0x00000280e990a3f4: ;   {static_call}
  0x00000280e990a3f4: e203 90e8 

  0x00000280e990a3f8: ; ImmutableOopMap {rbp=Oop [32]=Oop [40]=Oop [48]=NarrowOop [56]=Oop [64]=Oop }
                      ;*invokestatic convert {reexecute=0 rethrow=0 return_oop=1}
                      ; - jdk.internal.logger.LazyLoggers$LazyLoggerAccessor::platform@34 (line 202)
                      ; - jdk.internal.logger.LazyLoggers$LazyLoggerWrapper::platformProxy@4 (line 337)
                      ; - jdk.internal.logger.AbstractLoggerWrapper::isLoggable@1 (line 122)
                      ; - sun.util.logging.PlatformLogger::isLoggable@17 (line 340)
                      ; - java.awt.EventDispatchThread::pumpOneEventForFilters@57 (line 199)
  0x00000280e990a3f8: 844c 9cff 

  0x00000280e990a3fc: ;   {other}
  0x00000280e990a3fc: 0f1f 8400 | 6c0c 0008 | 488b d841 | 807f 3800 | 0f85 a203 | 0000 488b | 7424 384c | 8bc3 4d8b 
  0x00000280e990a41c: d849 c1eb | 0344 895e | 204c 8bd6 | 4d8b d84d | 33da 49c1 | eb15 4d85 | db74 204d | 85c0 741b 
  0x00000280e990a43c: 49c1 ea09 | 49b8 0090 | e6ed 8002 | 0000 4d03 | c241 8038 | 020f 8599 | 0300 00f0 | 8344 24c0 
  0x00000280e990a45c: 0048 896c | 2438 4c8b | 6c24 2048 | 8b7c 2440 | e977 fcff | ff49 8baf | 6004 0000 | 418b 5844 
  0x00000280e990a47c: ; ImmutableOopMap {r11=Oop r9=NarrowOop rcx=Oop rbx=NarrowOop rdx=Oop r13=Oop [40]=Oop [48]=NarrowOop [56]=Oop }
                      ;*goto {reexecute=1 rethrow=0 return_oop=0}
                      ; - (reexecute) java.awt.ModalEventFilter::acceptEvent@109 (line 63)
                      ; - java.awt.EventDispatchThread::filterAndCheckEvent@42 (line 169)
                      ; - java.awt.EventDispatchThread::pumpOneEventForFilters@35 (line 192)
                      ;   {poll}
  0x00000280e990a47c: 498b cd85 | 4500 85db | 0f84 7af8 | ffff 4d8d | 04dc e94f | fbff ff44 | 8b5f 1c49 | 8bd3 48c1 
  0x00000280e990a49c: ;   {static_call}
  0x00000280e990a49c: e203 90e8 

  0x00000280e990a4a0: ; ImmutableOopMap {[40]=Oop [48]=NarrowOop [56]=Oop [64]=Oop [72]=Oop [80]=Oop }
                      ;*invokestatic convert {reexecute=0 rethrow=0 return_oop=1}
                      ; - jdk.internal.logger.LazyLoggers$LazyLoggerAccessor::platform@87 (line 215)
                      ; - jdk.internal.logger.LazyLoggers$LazyLoggerWrapper::platformProxy@4 (line 337)
                      ; - jdk.internal.logger.AbstractLoggerWrapper::isLoggable@1 (line 122)
                      ; - sun.util.logging.PlatformLogger::isLoggable@17 (line 340)
                      ; - java.awt.EventDispatchThread::pumpOneEventForFilters@57 (line 199)
  0x00000280e990a4a0: dc4b 9cff 

  0x00000280e990a4a4: ;   {other}
  0x00000280e990a4a4: 0f1f 8400 | 140d 000a | 488b d841 | 807f 3800 | 0f85 e203 | 0000 488b | 7c24 504c | 8bc3 4d8b 
  0x00000280e990a4c4: d849 c1eb | 0344 895f | 204c 8bd7 | 4d8b d84d | 33da 49c1 | eb15 4d85 | db74 204d | 85c0 741b 
  0x00000280e990a4e4: 49c1 ea09 | 49b8 0090 | e6ed 8002 | 0000 4d03 | c241 8038 | 020f 85d9 | 0300 00f0 | 8344 24c0 
  0x00000280e990a504: 00e9 19fe | ffff bf01 | 0000 0048 | 896c 2438 | 4c8b 6c24 | 404c 8b5c | 2448 e9fb | f7ff ffba 
  0x00000280e990a524: e4ff ffff | 448b 5424 | 3044 8954 | 2428 48ff | 7424 3848 | 8f44 2430 | 4c8b 5424 | 504c 8954 
  0x00000280e990a544: 2438 4489 | 4424 4089 | 4c24 4489 | 4c24 4889 | 5c24 4c44 | 894c 2454 

  0x00000280e990a55c: ;   {runtime_call UncommonTrapBlob}
  0x00000280e990a55c: 6666 90e8 

  0x00000280e990a560: ; ImmutableOopMap {[40]=NarrowOop [48]=Oop [56]=Oop [64]=NarrowOop [84]=NarrowOop }
                      ;*invokestatic checkIndex {reexecute=0 rethrow=0 return_oop=0}
                      ; - java.util.Objects::checkIndex@3 (line 365)
                      ; - java.util.ArrayList::get@5 (line 428)
                      ; - java.awt.EventDispatchThread::filterAndCheckEvent@31 (line 168)
                      ; - java.awt.EventDispatchThread::pumpOneEventForFilters@35 (line 192)
  0x00000280e990a560: 9ca0 9cff 

  0x00000280e990a564: ;   {other}
  0x00000280e990a564: 0f1f 8400 | d40d 000b | bae4 ffff | ff44 8b5c | 2430 4489 | 5c24 2848 | ff74 2438 | 488f 4424 
  0x00000280e990a584: 3089 4c24 | 2c44 8944 | 2440 4489 | 5424 4444 | 894c 244c 

  0x00000280e990a598: ;   {runtime_call UncommonTrapBlob}
  0x00000280e990a598: 6666 90e8 

  0x00000280e990a59c: ; ImmutableOopMap {[40]=NarrowOop [48]=Oop [64]=NarrowOop [76]=NarrowOop [80]=Oop }
                      ;*aaload {reexecute=0 rethrow=0 return_oop=0}
                      ; - java.util.ArrayList::elementData@5 (line 412)
                      ; - java.util.ArrayList::get@11 (line 429)
                      ; - java.awt.EventDispatchThread::filterAndCheckEvent@31 (line 168)
                      ; - java.awt.EventDispatchThread::pumpOneEventForFilters@35 (line 192)
  0x00000280e990a59c: 60a0 9cff 

  0x00000280e990a5a0: ;   {other}
  0x00000280e990a5a0: 0f1f 8400 | 100e 000c | bacc ffff | ff4c 8b54 | 2450 448b | 5c24 3044 | 895c 2428 | 48ff 7424 
  0x00000280e990a5c0: 3848 8f44 | 2430 4c89 | 5424 3844 | 8944 2440 | 894c 2444 | 894c 2448 | 895c 244c | 4489 4c24 
  0x00000280e990a5e0: ;   {runtime_call UncommonTrapBlob}
  0x00000280e990a5e0: 5466 90e8 

  0x00000280e990a5e4: ; ImmutableOopMap {[40]=NarrowOop [48]=Oop [56]=Oop [64]=NarrowOop [84]=NarrowOop }
                      ;*invokestatic checkIndex {reexecute=0 rethrow=0 return_oop=0}
                      ; - java.util.Objects::checkIndex@3 (line 365)
                      ; - java.util.ArrayList::get@5 (line 428)
                      ; - java.awt.EventDispatchThread::filterAndCheckEvent@31 (line 168)
                      ; - java.awt.EventDispatchThread::pumpOneEventForFilters@35 (line 192)
  0x00000280e990a5e4: 18a0 9cff 

  0x00000280e990a5e8: ;   {other}
  0x00000280e990a5e8: 0f1f 8400 | 580e 000d | baf6 ffff 

  0x00000280e990a5f4: ;   {runtime_call UncommonTrapBlob}
  0x00000280e990a5f4: ff66 90e8 

  0x00000280e990a5f8: ; ImmutableOopMap {rbp=Oop }
                      ;*invokevirtual getNextEvent {reexecute=0 rethrow=0 return_oop=0}
                      ; - java.awt.EventDispatchThread::pumpOneEventForFilters@20 (line 190)
  0x00000280e990a5f8: 04a0 9cff 

  0x00000280e990a5fc: ;   {other}
  0x00000280e990a5fc: 0f1f 8400 | 6c0e 000e | baf6 ffff | ff44 8b54 | 2430 4489 | 5424 2848 | 8944 2438 

  0x00000280e990a618: ;   {runtime_call UncommonTrapBlob}
  0x00000280e990a618: 6666 90e8 

  0x00000280e990a61c: ; ImmutableOopMap {rbp=Oop [40]=NarrowOop [56]=Oop [80]=Oop }
                      ;*monitorenter {reexecute=0 rethrow=0 return_oop=0}
                      ; - java.awt.EventDispatchThread::filterAndCheckEvent@8 (line 166)
                      ; - java.awt.EventDispatchThread::pumpOneEventForFilters@35 (line 192)
  0x00000280e990a61c: e09f 9cff 

  0x00000280e990a620: ;   {other}
  0x00000280e990a620: 0f1f 8400 | 900e 000f | 498b d24c | 8d44 2470 

  0x00000280e990a630: ;   {runtime_call _complete_monitor_locking_Java}
  0x00000280e990a630: 6666 90e8 

  0x00000280e990a634: ; ImmutableOopMap {rbp=Oop }
                      ;*synchronization entry
                      ; - java.awt.EventDispatchThread::getEventQueue@-1 (line 222)
                      ; - java.awt.EventDispatchThread::pumpOneEventForFilters@8 (line 188)
  0x00000280e990a634: c89e a9ff 

  0x00000280e990a638: ;   {other}
  0x00000280e990a638: 0f1f 8400 | a80e 0010 | e9d6 f4ff | ff48 8bcd | 488d 5424 | 704d 8bc7 | 49ba d0a7 | 2f40 fe7f 
  0x00000280e990a658: 0000 41ff 

  0x00000280e990a65c: ;   {other}
  0x00000280e990a65c: d20f 1f84 | 0000 0000 | 00e9 4ef5 | ffff 4c89 | 5c24 4044 | 894c 2424 | 498b d34c | 8d44 2470 
  0x00000280e990a67c: ;   {runtime_call _complete_monitor_locking_Java}
  0x00000280e990a67c: 6666 90e8 

  0x00000280e990a680: ; ImmutableOopMap {rbp=Oop [36]=NarrowOop [40]=Oop [48]=NarrowOop [64]=Oop [80]=Oop }
                      ;*monitorenter {reexecute=0 rethrow=0 return_oop=0}
                      ; - java.awt.EventDispatchThread::filterAndCheckEvent@8 (line 166)
                      ; - java.awt.EventDispatchThread::pumpOneEventForFilters@35 (line 192)
  0x00000280e990a680: 7c9e a9ff 

  0x00000280e990a684: ;   {other}
  0x00000280e990a684: 0f1f 8400 | f40e 0011 | 4889 6c24 | 3844 8b4c | 2424 4c8b | 5c24 40e9 | c5f5 ffff | 498b cb48 
  0x00000280e990a6a4: 8d54 2470 | 4d8b c749 | bad0 a72f | 40fe 7f00 | 0041 ffd2 

  0x00000280e990a6b8: ;   {other}
  0x00000280e990a6b8: 0f1f 8400 | 0000 0000 | e9f1 f6ff | ffba 76ff | ffff 498b 

  0x00000280e990a6cc: ;   {runtime_call UncommonTrapBlob}
  0x00000280e990a6cc: ea66 90e8 

  0x00000280e990a6d0: ; ImmutableOopMap {rbp=Oop }
                      ;*aload_0 {reexecute=0 rethrow=0 return_oop=0}
                      ; - java.awt.EventDispatchThread::pumpOneEventForFilters@7 (line 188)
  0x00000280e990a6d0: 2c9f 9cff 

  0x00000280e990a6d4: ;   {other}
  0x00000280e990a6d4: 0f1f 8400 | 440f 0012 | bade ffff | ff4c 896c 

  0x00000280e990a6e4: ;   {runtime_call UncommonTrapBlob}
  0x00000280e990a6e4: 2428 90e8 

  0x00000280e990a6e8: ; ImmutableOopMap {rbp=NarrowOop [40]=Oop [48]=NarrowOop [56]=Oop }
                      ;*invokeinterface isLoggable {reexecute=0 rethrow=0 return_oop=0}
                      ; - sun.util.logging.PlatformLogger::isLoggable@17 (line 340)
                      ; - java.awt.EventDispatchThread::pumpOneEventForFilters@57 (line 199)
  0x00000280e990a6e8: 149f 9cff 

  0x00000280e990a6ec: ;   {other}
  0x00000280e990a6ec: 0f1f 8400 | 5c0f 0013 | bade ffff | ff48 ff74 | 2438 488f | 4424 204c | 896c 2428 | 4889 7c24 
  0x00000280e990a70c: ;   {runtime_call UncommonTrapBlob}
  0x00000280e990a70c: 3866 90e8 

  0x00000280e990a710: ; ImmutableOopMap {rbp=NarrowOop [32]=Oop [40]=Oop [48]=NarrowOop [56]=Oop }
                      ;*invokeinterface platform {reexecute=0 rethrow=0 return_oop=0}
                      ; - jdk.internal.logger.LazyLoggers$LazyLoggerWrapper::platformProxy@4 (line 337)
                      ; - jdk.internal.logger.AbstractLoggerWrapper::isLoggable@1 (line 122)
                      ; - sun.util.logging.PlatformLogger::isLoggable@17 (line 340)
                      ; - java.awt.EventDispatchThread::pumpOneEventForFilters@57 (line 199)
  0x00000280e990a710: ec9e 9cff 

  0x00000280e990a714: ;   {other}
  0x00000280e990a714: 0f1f 8400 | 840f 0014 | bade ffff | ff4c 896c | 2420 448b | 5424 3044 | 8954 2428 | 4c89 5c24 
  0x00000280e990a734: ;   {runtime_call UncommonTrapBlob}
  0x00000280e990a734: 3066 90e8 

  0x00000280e990a738: ; ImmutableOopMap {[32]=Oop [40]=NarrowOop [48]=Oop [56]=Oop }
                      ;*invokeinterface isLoggable {reexecute=0 rethrow=0 return_oop=0}
                      ; - jdk.internal.logger.AbstractLoggerWrapper::isLoggable@20 (line 124)
                      ; - sun.util.logging.PlatformLogger::isLoggable@17 (line 340)
                      ; - java.awt.EventDispatchThread::pumpOneEventForFilters@57 (line 199)
  0x00000280e990a738: c49e 9cff 

  0x00000280e990a73c: ;   {other}
  0x00000280e990a73c: 0f1f 8400 | ac0f 0015 | ba45 ffff | ff48 ff74 | 2438 488f | 4424 204c | 896c 2428 | 4c89 5c24 
  0x00000280e990a75c: ;   {runtime_call UncommonTrapBlob}
  0x00000280e990a75c: 3866 90e8 

  0x00000280e990a760: ; ImmutableOopMap {rbp=NarrowOop [32]=Oop [40]=Oop [48]=NarrowOop [56]=Oop }
                      ;*ifnonnull {reexecute=1 rethrow=0 return_oop=0}
                      ; - (reexecute) jdk.internal.logger.SimpleConsoleLogger::effectiveLevel@4 (line 164)
                      ; - jdk.internal.logger.SimpleConsoleLogger::isLoggable@1 (line 132)
                      ; - jdk.internal.logger.AbstractLoggerWrapper::isLoggable@20 (line 124)
                      ; - sun.util.logging.PlatformLogger::isLoggable@17 (line 340)
                      ; - java.awt.EventDispatchThread::pumpOneEventForFilters@57 (line 199)
  0x00000280e990a760: 9c9e 9cff 

  0x00000280e990a764: ;   {other}
  0x00000280e990a764: 0f1f 8400 | d40f 0016 | 4489 5424 | 3448 8954 | 2448 4489 | 4c24 5cba | 45ff ffff 

  0x00000280e990a780: ;   {runtime_call UncommonTrapBlob}
  0x00000280e990a780: 6666 90e8 

  0x00000280e990a784: ; ImmutableOopMap {rbp=NarrowOop [48]=NarrowOop [56]=Oop [72]=Oop [80]=Oop [92]=NarrowOop }
                      ;*ifnull {reexecute=1 rethrow=0 return_oop=0}
                      ; - (reexecute) java.awt.EventDispatchThread$HierarchyEventFilter::acceptEvent@4 (line 234)
                      ; - java.awt.EventDispatchThread::filterAndCheckEvent@42 (line 169)
                      ; - java.awt.EventDispatchThread::pumpOneEventForFilters@35 (line 192)
  0x00000280e990a784: 789e 9cff 

  0x00000280e990a788: ;   {other}
  0x00000280e990a788: 0f1f 8400 | f80f 0017 | ba45 ffff | ff48 ff74 | 2438 488f | 4424 204c | 896c 2438 

  0x00000280e990a7a4: ;   {runtime_call UncommonTrapBlob}
  0x00000280e990a7a4: 6666 90e8 

  0x00000280e990a7a8: ; ImmutableOopMap {[32]=Oop [48]=NarrowOop [56]=Oop }
                      ;*ifeq {reexecute=1 rethrow=0 return_oop=0}
                      ; - (reexecute) sun.awt.dnd.SunDragSourceContextPeer::checkEvent@3 (line 368)
                      ; - java.awt.EventDispatchThread::filterAndCheckEvent@96 (line 178)
                      ; - java.awt.EventDispatchThread::pumpOneEventForFilters@35 (line 192)
  0x00000280e990a7a8: 549e 9cff 

  0x00000280e990a7ac: ;   {other}
  0x00000280e990a7ac: 0f1f 8400 | 1c10 0018 | 488b 7424 | 3844 8b56 | 2045 85d2 | 0f84 51fc | ffff 4d8b | 5f28 498b 
  0x00000280e990a7cc: ca48 c1e1 | 034d 85db | 0f84 a302 | 0000 4d8b | 5730 4b89 | 4c1a f849 | 83c3 f84d | 895f 28e9 
  0x00000280e990a7ec: 27fc ffff | 4d8b 5748 | 4d8b 5f40 | f083 4424 | c000 4180 | 3800 0f84 | 4ffc ffff | 4588 204d 
  0x00000280e990a80c: 85db 7520 | 498b c849 | 8bd7 49ba | 103f ed3f | fe7f 0000 

  0x00000280e990a820: ;   {other}
  0x00000280e990a820: 41ff d20f | 1f84 0000 | 0000 00e9 | 27fc ffff | 4f89 441a | f849 83c3 | f84d 895f | 40e9 15fc 
  0x00000280e990a840: ffff 33ff | 4889 6c24 | 384c 8b6c | 2440 4c8b | 5c24 48e9 | c6f4 ffff | 448b 5c24 | 3044 895c 
  0x00000280e990a860: 2428 48ff | 7424 3848 | 8f44 2430 | 4c8b 5c24 | 504c 895c | 2438 4489 | 5424 2c48 | 8954 2440 
  0x00000280e990a880: 4c89 5c24 | 4844 894c | 2454 bac6 

  0x00000280e990a88c: ;   {runtime_call UncommonTrapBlob}
  0x00000280e990a88c: ffff ffe8 

  0x00000280e990a890: ; ImmutableOopMap {[40]=NarrowOop [48]=Oop [56]=Oop [64]=Oop [72]=Oop [84]=NarrowOop }
                      ;*invokeinterface acceptEvent {reexecute=0 rethrow=0 return_oop=0}
                      ; - java.awt.EventDispatchThread::filterAndCheckEvent@42 (line 169)
                      ; - java.awt.EventDispatchThread::pumpOneEventForFilters@35 (line 192)
  0x00000280e990a890: 6c9d 9cff 

  0x00000280e990a894: ;   {other}
  0x00000280e990a894: 0f1f 8400 | 0411 0019 | 488b 7c24 | 5044 8b57 | 2045 85d2 | 0f84 11fc | ffff 4d8b | 5f28 498b 
  0x00000280e990a8b4: ca48 c1e1 | 034d 85db | 0f84 d801 | 0000 4d8b | 5730 4b89 | 4c1a f849 | 83c3 f84d | 895f 28e9 
  0x00000280e990a8d4: e7fb ffff | 4d8b 5748 | 4d8b 5f40 | f083 4424 | c000 4180 | 3800 0f84 | 0ffc ffff | 4588 204d 
  0x00000280e990a8f4: 85db 7520 | 498b c849 | 8bd7 49ba | 103f ed3f | fe7f 0000 

  0x00000280e990a908: ;   {other}
  0x00000280e990a908: 41ff d20f | 1f84 0000 | 0000 00e9 | e7fb ffff | 4f89 441a | f849 83c3 | f84d 895f | 40e9 d5fb 
  0x00000280e990a928: ffff 4889 | 7424 4848 | 897c 2440 | 4c89 6c24 | 2048 8b6c | 2438 488b | d64c 8d44 

  0x00000280e990a944: ;   {runtime_call _complete_monitor_locking_Java}
  0x00000280e990a944: 2470 90e8 

  0x00000280e990a948: ; ImmutableOopMap {rbp=Oop [32]=Oop [40]=Oop [48]=NarrowOop [64]=Oop [72]=Oop }
                      ;*monitorenter {reexecute=0 rethrow=0 return_oop=0}
                      ; - jdk.internal.logger.LazyLoggers$LazyLoggerAccessor::platform@14 (line 200)
                      ; - jdk.internal.logger.LazyLoggers$LazyLoggerWrapper::platformProxy@4 (line 337)
                      ; - jdk.internal.logger.AbstractLoggerWrapper::isLoggable@1 (line 122)
                      ; - sun.util.logging.PlatformLogger::isLoggable@17 (line 340)
                      ; - java.awt.EventDispatchThread::pumpOneEventForFilters@57 (line 199)
  0x00000280e990a948: b49b a9ff 

  0x00000280e990a94c: ;   {other}
  0x00000280e990a94c: 0f1f 8400 | bc11 001a | 4889 6c24 | 384c 8b6c | 2420 488b | 7c24 4048 | 8b74 2448 | e967 f7ff 
  0x00000280e990a96c: ff48 8bce | 488d 5424 | 704d 8bc7 | 49ba d0a7 | 2f40 fe7f | 0000 41ff 

  0x00000280e990a984: ;   {other}
  0x00000280e990a984: d20f 1f84 | 0000 0000 | 00e9 f1f7 | ffff 4c8b | 6c24 4048 | 8b7c 2448 | ba45 ffff | ff48 ff74 
  0x00000280e990a9a4: 2438 488f | 4424 204c | 896c 2428 | 4889 7c24 

  0x00000280e990a9b4: ;   {runtime_call UncommonTrapBlob}
  0x00000280e990a9b4: 3866 90e8 

  0x00000280e990a9b8: ; ImmutableOopMap {rbp=NarrowOop [32]=Oop [40]=Oop [48]=NarrowOop [56]=Oop }
                      ;*ifnonnull {reexecute=1 rethrow=0 return_oop=0}
                      ; - (reexecute) jdk.internal.logger.AbstractLoggerWrapper::isLoggable@6 (line 123)
                      ; - sun.util.logging.PlatformLogger::isLoggable@17 (line 340)
                      ; - java.awt.EventDispatchThread::pumpOneEventForFilters@57 (line 199)
  0x00000280e990a9b8: 449c 9cff 

  0x00000280e990a9bc: ;   {other}
  0x00000280e990a9bc: 0f1f 8400 | 2c12 001b | bade ffff | ff44 8b54 | 2430 4489 | 5424 284c | 896c 2430 

  0x00000280e990a9d8: ;   {runtime_call UncommonTrapBlob}
  0x00000280e990a9d8: 6666 90e8 

  0x00000280e990a9dc: ; ImmutableOopMap {[40]=NarrowOop [48]=Oop [56]=Oop }
                      ;*invokevirtual consume {reexecute=0 rethrow=0 return_oop=0}
                      ; - java.awt.EventDispatchThread::pumpOneEventForFilters@44 (line 194)
  0x00000280e990a9dc: 209c 9cff 

  0x00000280e990a9e0: ;   {other}
  0x00000280e990a9e0: 0f1f 8400 | 5012 001c | 488b ce48 | 8d54 2470 | 4d8b c749 | bad0 a72f | 40fe 7f00 | 0041 ffd2 
  0x00000280e990aa00: ;   {other}
  0x00000280e990aa00: 0f1f 8400 | 0000 0000 | e94d f8ff | ffba ecff | ffff 48ff | 7424 3848 | 8f44 2420 | 4c89 6c24 
  0x00000280e990aa20: 2848 897c | 2438 4889 

  0x00000280e990aa28: ;   {runtime_call UncommonTrapBlob}
  0x00000280e990aa28: 7424 48e8 

  0x00000280e990aa2c: ; ImmutableOopMap {rbp=NarrowOop [32]=Oop [40]=Oop [48]=NarrowOop [56]=Oop [72]=Oop }
                      ;*invokestatic getLogger {reexecute=0 rethrow=0 return_oop=0}
                      ; - jdk.internal.logger.LazyLoggers$LazyLoggerAccessor::platform@62 (line 211)
                      ; - jdk.internal.logger.LazyLoggers$LazyLoggerWrapper::platformProxy@4 (line 337)
                      ; - jdk.internal.logger.AbstractLoggerWrapper::isLoggable@1 (line 122)
                      ; - sun.util.logging.PlatformLogger::isLoggable@17 (line 340)
                      ; - java.awt.EventDispatchThread::pumpOneEventForFilters@57 (line 199)
  0x00000280e990aa2c: d09b 9cff 

  0x00000280e990aa30: ;   {other}
  0x00000280e990aa30: 0f1f 8400 | a012 001d | 498b d34c | 8d44 2470 

  0x00000280e990aa40: ;   {runtime_call _complete_monitor_locking_Java}
  0x00000280e990aa40: 6666 90e8 

  0x00000280e990aa44: ; ImmutableOopMap {rbp=Oop [32]=Oop [40]=Oop [48]=NarrowOop [56]=Oop [64]=Oop [72]=Oop }
                      ;*monitorenter {reexecute=0 rethrow=0 return_oop=0}
                      ; - jdk.internal.logger.LazyLoggers$LazyLoggerAccessor::platform@69 (line 212)
                      ; - jdk.internal.logger.LazyLoggers$LazyLoggerWrapper::platformProxy@4 (line 337)
                      ; - jdk.internal.logger.AbstractLoggerWrapper::isLoggable@1 (line 122)
                      ; - sun.util.logging.PlatformLogger::isLoggable@17 (line 340)
                      ; - java.awt.EventDispatchThread::pumpOneEventForFilters@57 (line 199)
  0x00000280e990aa44: b89a a9ff 

  0x00000280e990aa48: ;   {other}
  0x00000280e990aa48: 0f1f 8400 | b812 001e | 4c8b dde9 | a0f8 ffff | 488b cf48 | 8d54 2470 | 4d8b c749 | bad0 a72f 
  0x00000280e990aa68: 40fe 7f00 | 0041 ffd2 

  0x00000280e990aa70: ;   {other}
  0x00000280e990aa70: 0f1f 8400 | 0000 0000 | e941 f9ff | ff49 8bd7 | 49ba 303f | ed3f fe7f | 0000 41ff 

  0x00000280e990aa8c: ;   {other}
  0x00000280e990aa8c: d20f 1f84 | 0000 0000 | 00e9 7df9 | ffff 498b | d749 ba30 | 3fed 3ffe | 7f00 0041 

  0x00000280e990aaa8: ;   {other}
  0x00000280e990aaa8: ffd2 0f1f | 8400 0000 | 0000 e908 | faff ff8b | 6c24 3048 

  0x00000280e990aabc: ;   {runtime_call _rethrow_Java}
  0x00000280e990aabc: 8bd0 90e8 

  0x00000280e990aac0: ; ImmutableOopMap {rbp=NarrowOop [56]=Oop }
                      ;*invokevirtual getNextEvent {reexecute=0 rethrow=0 return_oop=1}
                      ; - java.awt.EventDispatchThread::pumpOneEventForFilters@20 (line 190)
  0x00000280e990aac0: bc53 a9ff 

  0x00000280e990aac4: ;   {other}
  0x00000280e990aac4: 0f1f 8400 | 3413 001f 

  0x00000280e990aacc: ;   {runtime_call _rethrow_Java}
  0x00000280e990aacc: 488b d0e8 

  0x00000280e990aad0: ; ImmutableOopMap {[56]=Oop }
                      ;*invokevirtual dispatchEvent {reexecute=0 rethrow=0 return_oop=1}
                      ; - java.awt.EventDispatchThread::pumpOneEventForFilters@81 (line 203)
  0x00000280e990aad0: ac53 a9ff 

  0x00000280e990aad4: ;   {other}
  0x00000280e990aad4: 0f1f 8400 | 4413 0020 | baf6 ffff | ff44 8b54 | 2430 4489 | 5424 2848 | ff74 2438 | 488f 4424 
  0x00000280e990aaf4: 3089 4c24 | 4044 894c 

  0x00000280e990aafc: ;   {runtime_call UncommonTrapBlob}
  0x00000280e990aafc: 2448 90e8 

  0x00000280e990ab00: ; ImmutableOopMap {[40]=NarrowOop [48]=Oop [72]=NarrowOop [80]=Oop }
                      ;*invokevirtual get {reexecute=0 rethrow=0 return_oop=0}
                      ; - java.awt.EventDispatchThread::filterAndCheckEvent@31 (line 168)
                      ; - java.awt.EventDispatchThread::pumpOneEventForFilters@35 (line 192)
  0x00000280e990ab00: fc9a 9cff 

  0x00000280e990ab04: ;   {other}
  0x00000280e990ab04: 0f1f 8400 | 7413 0021 | baf6 ffff | ff44 8b44 | 2430 4489 | 4424 2848 | ff74 2438 | 488f 4424 
  0x00000280e990ab24: 3089 4c24 | 2c44 8954 | 2440 4489 

  0x00000280e990ab30: ;   {runtime_call UncommonTrapBlob}
  0x00000280e990ab30: 4c24 48e8 

  0x00000280e990ab34: ; ImmutableOopMap {[40]=NarrowOop [48]=Oop [72]=NarrowOop [80]=Oop }
                      ;*aaload {reexecute=0 rethrow=0 return_oop=0}
                      ; - java.util.ArrayList::elementData@5 (line 412)
                      ; - java.util.ArrayList::get@11 (line 429)
                      ; - java.awt.EventDispatchThread::filterAndCheckEvent@31 (line 168)
                      ; - java.awt.EventDispatchThread::pumpOneEventForFilters@35 (line 192)
  0x00000280e990ab34: c89a 9cff 

  0x00000280e990ab38: ;   {other}
  0x00000280e990ab38: 0f1f 8400 | a813 0022 | baf4 ffff | ff44 8b44 | 2430 4489 | 4424 2848 | ff74 2438 | 488f 4424 
  0x00000280e990ab58: 3044 8954 | 242c 4489 

  0x00000280e990ab60: ;   {runtime_call UncommonTrapBlob}
  0x00000280e990ab60: 4c24 44e8 

  0x00000280e990ab64: ; ImmutableOopMap {[40]=NarrowOop [48]=Oop [68]=NarrowOop [80]=Oop }
                      ;*checkcast {reexecute=0 rethrow=0 return_oop=0}
                      ; - java.awt.EventDispatchThread::filterAndCheckEvent@34 (line 168)
                      ; - java.awt.EventDispatchThread::pumpOneEventForFilters@35 (line 192)
  0x00000280e990ab64: 989a 9cff 

  0x00000280e990ab68: ;   {other}
  0x00000280e990ab68: 0f1f 8400 | d813 0023 | baf6 ffff | ff4c 8b54 | 2450 4c89 | 5424 2044 | 8b54 2430 | 4489 5424 
  0x00000280e990ab88: 2848 ff74 | 2438 488f | 4424 3044 | 894c 2440 

  0x00000280e990ab98: ;   {runtime_call UncommonTrapBlob}
  0x00000280e990ab98: 6666 90e8 

  0x00000280e990ab9c: ; ImmutableOopMap {[32]=Oop [40]=NarrowOop [48]=Oop [64]=NarrowOop }
                      ;*invokevirtual size {reexecute=0 rethrow=0 return_oop=0}
                      ; - java.awt.EventDispatchThread::filterAndCheckEvent@13 (line 167)
                      ; - java.awt.EventDispatchThread::pumpOneEventForFilters@35 (line 192)
  0x00000280e990ab9c: 609a 9cff 

  0x00000280e990aba0: ;   {other}
  0x00000280e990aba0: 0f1f 8400 | 1014 0024 | baf6 ffff | ff4c 896c 

  0x00000280e990abb0: ;   {runtime_call UncommonTrapBlob}
  0x00000280e990abb0: 2420 90e8 

  0x00000280e990abb4: ; ImmutableOopMap {[32]=Oop [48]=NarrowOop [56]=Oop }
                      ;*invokeinterface isLoggable {reexecute=0 rethrow=0 return_oop=0}
                      ; - sun.util.logging.PlatformLogger::isLoggable@17 (line 340)
                      ; - java.awt.EventDispatchThread::pumpOneEventForFilters@57 (line 199)
  0x00000280e990abb4: 489a 9cff 

  0x00000280e990abb8: ;   {other}
  0x00000280e990abb8: 0f1f 8400 | 2814 0025 | baf6 ffff | ff4c 896c 

  0x00000280e990abc8: ;   {runtime_call UncommonTrapBlob}
  0x00000280e990abc8: 2420 90e8 

  0x00000280e990abcc: ; ImmutableOopMap {[32]=Oop [48]=NarrowOop [56]=Oop }
                      ;*invokeinterface platform {reexecute=0 rethrow=0 return_oop=0}
                      ; - jdk.internal.logger.LazyLoggers$LazyLoggerWrapper::platformProxy@4 (line 337)
                      ; - jdk.internal.logger.AbstractLoggerWrapper::isLoggable@1 (line 122)
                      ; - sun.util.logging.PlatformLogger::isLoggable@17 (line 340)
                      ; - java.awt.EventDispatchThread::pumpOneEventForFilters@57 (line 199)
  0x00000280e990abcc: 309a 9cff 

  0x00000280e990abd0: ;   {other}
  0x00000280e990abd0: 0f1f 8400 | 4014 0026 | baf6 ffff | ff44 8b44 | 2430 4489 | 4424 2848 | ff74 2438 | 488f 4424 
  0x00000280e990abf0: 3044 8954 | 242c 4489 

  0x00000280e990abf8: ;   {runtime_call UncommonTrapBlob}
  0x00000280e990abf8: 4c24 44e8 

  0x00000280e990abfc: ; ImmutableOopMap {[40]=NarrowOop [48]=Oop [68]=NarrowOop [80]=Oop }
                      ;*invokevirtual isVisible {reexecute=0 rethrow=0 return_oop=0}
                      ; - java.awt.ModalEventFilter::acceptEvent@11 (line 46)
                      ; - java.awt.EventDispatchThread::filterAndCheckEvent@42 (line 169)
                      ; - java.awt.EventDispatchThread::pumpOneEventForFilters@35 (line 192)
  0x00000280e990abfc: 009a 9cff 

  0x00000280e990ac00: ;   {other}
  0x00000280e990ac00: 0f1f 8400 | 7014 0027 | baf6 ffff | ff44 8b44 | 2430 4489 | 4424 2848 | ff74 2438 | 488f 4424 
  0x00000280e990ac20: 3044 8954 | 242c 4489 

  0x00000280e990ac28: ;   {runtime_call UncommonTrapBlob}
  0x00000280e990ac28: 4c24 44e8 

  0x00000280e990ac2c: ; ImmutableOopMap {[40]=NarrowOop [48]=Oop [68]=NarrowOop [80]=Oop }
                      ;*invokevirtual getID {reexecute=0 rethrow=0 return_oop=0}
                      ; - java.awt.ModalEventFilter::acceptEvent@22 (line 49)
                      ; - java.awt.EventDispatchThread::filterAndCheckEvent@42 (line 169)
                      ; - java.awt.EventDispatchThread::pumpOneEventForFilters@35 (line 192)
  0x00000280e990ac2c: d099 9cff 

  0x00000280e990ac30: ;   {other}
  0x00000280e990ac30: 0f1f 8400 | a014 0028 | 448b 4424 | 3044 8944 | 2428 48ff | 7424 3848 | 8f44 2430 | 4489 5424 
  0x00000280e990ac50: 2c48 8954 | 2440 4489 | 4c24 4cba | f4ff ffff 

  0x00000280e990ac60: ;   {runtime_call UncommonTrapBlob}
  0x00000280e990ac60: 6666 90e8 

  0x00000280e990ac64: ; ImmutableOopMap {[40]=NarrowOop [48]=Oop [64]=Oop [76]=NarrowOop [80]=Oop }
                      ;*instanceof {reexecute=0 rethrow=0 return_oop=0}
                      ; - java.awt.ModalEventFilter::acceptEvent@67 (line 57)
                      ; - java.awt.EventDispatchThread::filterAndCheckEvent@42 (line 169)
                      ; - java.awt.EventDispatchThread::pumpOneEventForFilters@35 (line 192)
  0x00000280e990ac64: 9899 9cff 

  0x00000280e990ac68: ;   {other}
  0x00000280e990ac68: 0f1f 8400 | d814 0029 | 488b 6c24 | 4048 8bd0 

  0x00000280e990ac78: ;   {runtime_call _rethrow_Java}
  0x00000280e990ac78: 6666 90e8 

  0x00000280e990ac7c: ; ImmutableOopMap {rbp=Oop [48]=NarrowOop [56]=Oop }
                      ;*invokevirtual isLoggable {reexecute=0 rethrow=0 return_oop=1}
                      ; - java.awt.EventDispatchThread::pumpOneEventForFilters@57 (line 199)
  0x00000280e990ac7c: 0052 a9ff 

  0x00000280e990ac80: ;   {other}
  0x00000280e990ac80: 0f1f 8400 | f014 002a | ba9d ffff | ff44 8b44 | 2430 4489 | 4424 284c | 8b5c 2440 | 4c89 5c24 
  0x00000280e990aca0: 3048 8944 

  0x00000280e990aca4: ;   {runtime_call UncommonTrapBlob}
  0x00000280e990aca4: 2448 90e8 

  0x00000280e990aca8: ; ImmutableOopMap {rbp=Oop [32]=Oop [40]=NarrowOop [48]=Oop [56]=Oop [72]=Oop }
                      ;*astore_3 {reexecute=0 rethrow=0 return_oop=0}
                      ; - jdk.internal.logger.LazyLoggers$LazyLoggerAccessor::platform@52 (line 205)
                      ; - jdk.internal.logger.LazyLoggers$LazyLoggerWrapper::platformProxy@4 (line 337)
                      ; - jdk.internal.logger.AbstractLoggerWrapper::isLoggable@1 (line 122)
                      ; - sun.util.logging.PlatformLogger::isLoggable@17 (line 340)
                      ; - java.awt.EventDispatchThread::pumpOneEventForFilters@57 (line 199)
  0x00000280e990aca8: 5499 9cff 

  0x00000280e990acac: ;   {other}
  0x00000280e990acac: 0f1f 8400 | 1c15 002b | ba9d ffff | ff44 8b5c | 2430 4489 | 5c24 2844 | 8b44 2434 | 4889 4424 
  0x00000280e990accc: 3844 8944 

  0x00000280e990acd0: ;   {runtime_call UncommonTrapBlob}
  0x00000280e990acd0: 2430 90e8 

  0x00000280e990acd4: ; ImmutableOopMap {rbp=Oop [40]=NarrowOop [48]=NarrowOop [52]=NarrowOop [56]=Oop [64]=Oop }
                      ;*astore {reexecute=0 rethrow=0 return_oop=0}
                      ; - java.awt.EventDispatchThread::filterAndCheckEvent@84 (line 177)
                      ; - java.awt.EventDispatchThread::pumpOneEventForFilters@35 (line 192)
  0x00000280e990acd4: 2899 9cff 

  0x00000280e990acd8: ;   {other}
  0x00000280e990acd8: 0f1f 8400 | 4815 002c | baf6 ffff 

  0x00000280e990ace4: ;   {runtime_call UncommonTrapBlob}
  0x00000280e990ace4: ff66 90e8 

  0x00000280e990ace8: ; ImmutableOopMap {[48]=NarrowOop [56]=Oop }
                      ;*invokevirtual consume {reexecute=0 rethrow=0 return_oop=0}
                      ; - java.awt.EventDispatchThread::pumpOneEventForFilters@44 (line 194)
  0x00000280e990ace8: 1499 9cff 

  0x00000280e990acec: ;   {other}
  0x00000280e990acec: 0f1f 8400 | 5c15 002d | 488b e8eb | 0348 8be8 | ba9d ffff | ff4c 8b54 | 2438 4c89 | 5424 204c 
  0x00000280e990ad0c: 8b54 2440 | 4c89 5424 | 284c 8b54 | 2448 4c89 | 5424 384c | 8b54 2450 | 4c89 5424 

  0x00000280e990ad28: ;   {runtime_call UncommonTrapBlob}
  0x00000280e990ad28: 4866 90e8 

  0x00000280e990ad2c: ; ImmutableOopMap {rbp=Oop [32]=Oop [40]=Oop [48]=NarrowOop [56]=Oop [72]=Oop [80]=Oop }
                      ;*astore {reexecute=0 rethrow=0 return_oop=0}
                      ; - jdk.internal.logger.LazyLoggers$LazyLoggerAccessor::platform@100 (line 217)
                      ; - jdk.internal.logger.LazyLoggers$LazyLoggerWrapper::platformProxy@4 (line 337)
                      ; - jdk.internal.logger.AbstractLoggerWrapper::isLoggable@1 (line 122)
                      ; - sun.util.logging.PlatformLogger::isLoggable@17 (line 340)
                      ; - java.awt.EventDispatchThread::pumpOneEventForFilters@57 (line 199)
  0x00000280e990ad2c: d098 9cff 

  0x00000280e990ad30: ;   {other}
  0x00000280e990ad30: 0f1f 8400 | a015 002e | bab5 ffff | ff48 8b6c | 2438 4889 

  0x00000280e990ad44: ;   {runtime_call UncommonTrapBlob}
  0x00000280e990ad44: 4424 20e8 

  0x00000280e990ad48: ; ImmutableOopMap {rbp=Oop [32]=Oop }
                      ;*astore {reexecute=0 rethrow=0 return_oop=0}
                      ; - java.awt.EventDispatchThread::pumpOneEventForFilters@87 (line 205)
  0x00000280e990ad48: b498 9cff 

  0x00000280e990ad4c: ;   {other}
  0x00000280e990ad4c: 0f1f 8400 | bc15 002f | bab5 ffff | ff48 8944 

  0x00000280e990ad5c: ;   {runtime_call UncommonTrapBlob}
  0x00000280e990ad5c: 2420 90e8 

  0x00000280e990ad60: ; ImmutableOopMap {[32]=Oop [56]=Oop }
                      ;*astore {reexecute=0 rethrow=0 return_oop=0}
                      ; - java.awt.EventDispatchThread::pumpOneEventForFilters@87 (line 205)
  0x00000280e990ad60: 9c98 9cff 

  0x00000280e990ad64: ;   {other}
  0x00000280e990ad64: 0f1f 8400 | d415 0030 | 488b d0eb | 0848 8bd0 | eb03 488b | d048 81c4 | 8000 0000 

  0x00000280e990ad80: ;   {runtime_call _rethrow_Java}
  0x00000280e990ad80: 5de9 fa50 | a9ff 488b | e8eb 0848 | 8be8 eb03 | 488b e8ba | 9dff ffff 

  0x00000280e990ad98: ;   {runtime_call UncommonTrapBlob}
  0x00000280e990ad98: 6666 90e8 

  0x00000280e990ad9c: ; ImmutableOopMap {rbp=Oop [56]=Oop }
                      ;*astore {reexecute=0 rethrow=0 return_oop=0}
                      ; - java.awt.EventDispatchThread::pumpOneEventForFilters@97 (line 209)
  0x00000280e990ad9c: 6098 9cff 

  0x00000280e990ada0: ;   {other}
  0x00000280e990ada0: 0f1f 8400 | 1016 0031 | bab5 ffff | ff48 8944 

  0x00000280e990adb0: ;   {runtime_call UncommonTrapBlob}
  0x00000280e990adb0: 2420 90e8 

  0x00000280e990adb4: ; ImmutableOopMap {[32]=Oop [56]=Oop }
                      ;*astore {reexecute=0 rethrow=0 return_oop=0}
                      ; - java.awt.EventDispatchThread::pumpOneEventForFilters@87 (line 205)
  0x00000280e990adb4: 4898 9cff 

  0x00000280e990adb8: ;   {other}
  0x00000280e990adb8: 0f1f 8400 | 2816 0032 

  0x00000280e990adc0: ;   {internal_word}
  0x00000280e990adc0: 49ba 7c9e | 90e9 8002 | 0000 4d89 | 9770 0400 

  0x00000280e990add0: ;   {runtime_call SafepointBlob}
  0x00000280e990add0: 00e9 2aa9 

  0x00000280e990add4: ;   {runtime_call StubRoutines (final stubs)}
  0x00000280e990add4: 9cff e805 | 9f9a ffe9 | beec ffff 
[Stub Code]
  0x00000280e990ade0: ;   {no_reloc}
  0x00000280e990ade0: 48bb 0000 | 0000 0000 

  0x00000280e990ade8: ;   {runtime_call}
  0x00000280e990ade8: 0000 e9fb 

  0x00000280e990adec: ;   {static_stub}
  0x00000280e990adec: ffff ff48 | bb00 0000 | 0000 0000 

  0x00000280e990adf8: ;   {runtime_call}
  0x00000280e990adf8: 00e9 fbff 

  0x00000280e990adfc: ;   {static_stub}
  0x00000280e990adfc: ffff 48bb | 0000 0000 | 0000 0000 

  0x00000280e990ae08: ;   {runtime_call}
  0x00000280e990ae08: e9fb ffff 

  0x00000280e990ae0c: ;   {static_stub}
  0x00000280e990ae0c: ff48 bb00 | 0000 0000 

  0x00000280e990ae14: ;   {runtime_call}
  0x00000280e990ae14: 0000 00e9 | fbff ffff 

  0x00000280e990ae1c: ;   {static_stub}
  0x00000280e990ae1c: 48bb 0000 | 0000 0000 

  0x00000280e990ae24: ;   {runtime_call}
  0x00000280e990ae24: 0000 e9fb 

  0x00000280e990ae28: ;   {static_stub}
  0x00000280e990ae28: ffff ff48 | bb00 0000 | 0000 0000 

  0x00000280e990ae34: ;   {runtime_call}
  0x00000280e990ae34: 00e9 fbff 

  0x00000280e990ae38: ;   {runtime_call ExceptionBlob}
  0x00000280e990ae38: ffff e941 | 30a9 ffe8 | 0000 0000 | 4883 2c24 

  0x00000280e990ae48: ;   {runtime_call DeoptimizationBlob}
  0x00000280e990ae48: 05e9 529b | 9cff f4f4 
[/MachCode]


---------------  P R O C E S S  ---------------

Threads class SMR info:
_java_thread_list=0x00000280c684a7b0, length=16, elements={
0x00000280f7987a50, 0x00000280f798a4c0, 0x00000280f798e970, 0x00000280f7990a60,
0x00000280f799e9d0, 0x00000280f79a0200, 0x00000280f79b1610, 0x00000280f79d2040,
0x00000280c52531b0, 0x00000280c52578b0, 0x00000280c5410b70, 0x00000280c541b9f0,
0x00000280c5424340, 0x00000280c5438a30, 0x00000280d77462c0, 0x00000280c5502350
}

Java Threads: ( => current thread )
  0x00000280f7987a50 JavaThread "Reference Handler"          daemon [_thread_blocked, id=26148, stack(0x000000a6cbe00000,0x000000a6cbf00000) (1024K)]
  0x00000280f798a4c0 JavaThread "Finalizer"                  daemon [_thread_blocked, id=19692, stack(0x000000a6cbf00000,0x000000a6cc000000) (1024K)]
  0x00000280f798e970 JavaThread "Signal Dispatcher"          daemon [_thread_blocked, id=1232, stack(0x000000a6cc000000,0x000000a6cc100000) (1024K)]
  0x00000280f7990a60 JavaThread "Attach Listener"            daemon [_thread_blocked, id=18932, stack(0x000000a6cc100000,0x000000a6cc200000) (1024K)]
  0x00000280f799e9d0 JavaThread "Service Thread"             daemon [_thread_blocked, id=14656, stack(0x000000a6cc200000,0x000000a6cc300000) (1024K)]
  0x00000280f79a0200 JavaThread "Monitor Deflation Thread"   daemon [_thread_blocked, id=11556, stack(0x000000a6cc300000,0x000000a6cc400000) (1024K)]
  0x00000280f79b1610 JavaThread "C2 CompilerThread0"         daemon [_thread_blocked, id=14984, stack(0x000000a6cc400000,0x000000a6cc500000) (1024K)]
  0x00000280f79d2040 JavaThread "C1 CompilerThread0"         daemon [_thread_blocked, id=17328, stack(0x000000a6cc500000,0x000000a6cc600000) (1024K)]
  0x00000280c52531b0 JavaThread "Notification Thread"        daemon [_thread_blocked, id=4784, stack(0x000000a6cc600000,0x000000a6cc700000) (1024K)]
  0x00000280c52578b0 JavaThread "Common-Cleaner"             daemon [_thread_blocked, id=9052, stack(0x000000a6cc700000,0x000000a6cc800000) (1024K)]
  0x00000280c5410b70 JavaThread "Java2D Disposer"            daemon [_thread_blocked, id=18820, stack(0x000000a6cc800000,0x000000a6cc900000) (1024K)]
  0x00000280c541b9f0 JavaThread "AWT-Shutdown"                      [_thread_blocked, id=17204, stack(0x000000a6cc900000,0x000000a6cca00000) (1024K)]
  0x00000280c5424340 JavaThread "AWT-Windows"                daemon [_thread_in_native, id=4952, stack(0x000000a6cca00000,0x000000a6ccb00000) (1024K)]
=>0x00000280c5438a30 JavaThread "AWT-EventQueue-0"                  [_thread_in_native, id=5332, stack(0x000000a6ccb00000,0x000000a6ccc00000) (1024K)]
  0x00000280d77462c0 JavaThread "DestroyJavaVM"                     [_thread_blocked, id=16336, stack(0x000000a6cb600000,0x000000a6cb700000) (1024K)]
  0x00000280c5502350 JavaThread "TimerQueue"                 daemon [_thread_blocked, id=26124, stack(0x000000a6ccc00000,0x000000a6ccd00000) (1024K)]
Total: 16

Other Threads:
  0x00000280f79676f0 VMThread "VM Thread"                           [id=13004, stack(0x000000a6cbd00000,0x000000a6cbe00000) (1024K)]
  0x00000280f7950170 WatcherThread "VM Periodic Task Thread"        [id=14564, stack(0x000000a6cbc00000,0x000000a6cbd00000) (1024K)]
  0x00000280d9a51970 WorkerThread "GC Thread#0"                     [id=23084, stack(0x000000a6cb700000,0x000000a6cb800000) (1024K)]
  0x00000280c51e53b0 WorkerThread "GC Thread#1"                     [id=20432, stack(0x000000a6cb300000,0x000000a6cb400000) (1024K)]
  0x00000280c51e39e0 WorkerThread "GC Thread#2"                     [id=20728, stack(0x000000a6cb400000,0x000000a6cb500000) (1024K)]
  0x00000280c51e3d90 WorkerThread "GC Thread#3"                     [id=21668, stack(0x000000a6cb500000,0x000000a6cb600000) (1024K)]
  0x00000280c51e5000 WorkerThread "GC Thread#4"                     [id=15976, stack(0x000000a6cd000000,0x000000a6cd100000) (1024K)]
  0x00000280c51e4140 WorkerThread "GC Thread#5"                     [id=14960, stack(0x000000a6cd100000,0x000000a6cd200000) (1024K)]
  0x00000280c51e48a0 WorkerThread "GC Thread#6"                     [id=17272, stack(0x000000a6cd200000,0x000000a6cd300000) (1024K)]
  0x00000280c51e44f0 WorkerThread "GC Thread#7"                     [id=21664, stack(0x000000a6cd300000,0x000000a6cd400000) (1024K)]
  0x00000280c51e4c50 WorkerThread "GC Thread#8"                     [id=13316, stack(0x000000a6cd400000,0x000000a6cd500000) (1024K)]
  0x00000280c62309f0 WorkerThread "GC Thread#9"                     [id=22660, stack(0x000000a6cd500000,0x000000a6cd600000) (1024K)]
  0x00000280d9a5e470 ConcurrentGCThread "G1 Main Marker"            [id=8924, stack(0x000000a6cb800000,0x000000a6cb900000) (1024K)]
  0x00000280d9a5f390 WorkerThread "G1 Conc#0"                       [id=16452, stack(0x000000a6cb900000,0x000000a6cba00000) (1024K)]
  0x00000280f78234e0 ConcurrentGCThread "G1 Refine#0"               [id=16148, stack(0x000000a6cba00000,0x000000a6cbb00000) (1024K)]
  0x00000280d9abd8f0 ConcurrentGCThread "G1 Service"                [id=14060, stack(0x000000a6cbb00000,0x000000a6cbc00000) (1024K)]
Total: 16

Threads with active compile tasks:
Total: 0

VM state: not at safepoint (normal execution)

VM Mutex/Monitor currently owned by a thread: None

Heap address: 0x0000000744e00000, size: 2994 MB, Compressed Oops mode: Zero based, Oop shift amount: 3

CDS archive(s) mapped at: [0x0000028080000000-0x0000028080c60000-0x0000028080c60000), size 12976128, SharedBaseAddress: 0x0000028080000000, ArchiveRelocationMode: 1.
Compressed class space mapped at: 0x0000028081000000-0x00000280c1000000, reserved size: 1073741824
Narrow klass base: 0x0000028080000000, Narrow klass shift: 0, Narrow klass range: 0x41000000

GC Precious Log:
 CardTable entry size: 512
 Card Set container configuration: InlinePtr #cards 4 size 8 Array Of Cards #cards 16 size 48 Howl #buckets 8 coarsen threshold 3686 Howl Bitmap #cards 512 size 80 coarsen threshold 460 Card regions per heap region 1 cards per card region 4096
 CPUs: 12 total, 12 available
 Memory: 11972M
 Large Page Support: Disabled
 NUMA Support: Disabled
 Compressed Oops: Enabled (Zero based)
 Heap Region Size: 2M
 Heap Min Capacity: 8M
 Heap Initial Capacity: 188M
 Heap Max Capacity: 2994M
 Pre-touch: Disabled
 Parallel Workers: 10
 Concurrent Workers: 3
 Concurrent Refinement Workers: 10
 Periodic GC: Disabled

Heap:
 garbage-first heap   total reserved 3065856K, committed 192512K, used 30485K [0x0000000744e00000, 0x0000000800000000)
  region size 2048K, 11 young (22528K), 2 survivors (4096K)
 Metaspace       used 11495K, committed 11712K, reserved 1114112K
  class space    used 1241K, committed 1344K, reserved 1048576K

Heap Regions: E=young(eden), S=young(survivor), O=old, HS=humongous(starts), HC=humongous(continues), CS=collection set, F=free, TAMS=top-at-mark-start, PB=parsable bottom
|   0|0x0000000744e00000, 0x0000000745000000, 0x0000000745000000|100%|HS|  |TAMS 0x0000000744e00000| PB 0x0000000744e00000| Complete |  0
|   1|0x0000000745000000, 0x0000000745200000, 0x0000000745200000|100%|HC|  |TAMS 0x0000000745000000| PB 0x0000000745000000| Complete |  0
|   2|0x0000000745200000, 0x0000000745400000, 0x0000000745400000|100%|HC|  |TAMS 0x0000000745200000| PB 0x0000000745200000| Complete |  0
|   3|0x0000000745400000, 0x0000000745600000, 0x0000000745600000|100%|HC|  |TAMS 0x0000000745400000| PB 0x0000000745400000| Complete |  0
|   4|0x0000000745600000, 0x0000000745800000, 0x0000000745800000|100%|HC|  |TAMS 0x0000000745600000| PB 0x0000000745600000| Complete |  0
|   5|0x0000000745800000, 0x0000000745800000, 0x0000000745a00000|  0%| F|  |TAMS 0x0000000745800000| PB 0x0000000745800000| Untracked |  0
|   6|0x0000000745a00000, 0x0000000745a00000, 0x0000000745c00000|  0%| F|  |TAMS 0x0000000745a00000| PB 0x0000000745a00000| Untracked |  0
|   7|0x0000000745c00000, 0x0000000745c00000, 0x0000000745e00000|  0%| F|  |TAMS 0x0000000745c00000| PB 0x0000000745c00000| Untracked |  0
|   8|0x0000000745e00000, 0x0000000745e00000, 0x0000000746000000|  0%| F|  |TAMS 0x0000000745e00000| PB 0x0000000745e00000| Untracked |  0
|   9|0x0000000746000000, 0x0000000746000000, 0x0000000746200000|  0%| F|  |TAMS 0x0000000746000000| PB 0x0000000746000000| Untracked |  0
|  10|0x0000000746200000, 0x0000000746200000, 0x0000000746400000|  0%| F|  |TAMS 0x0000000746200000| PB 0x0000000746200000| Untracked |  0
|  11|0x0000000746400000, 0x0000000746400000, 0x0000000746600000|  0%| F|  |TAMS 0x0000000746400000| PB 0x0000000746400000| Untracked |  0
|  12|0x0000000746600000, 0x0000000746600000, 0x0000000746800000|  0%| F|  |TAMS 0x0000000746600000| PB 0x0000000746600000| Untracked |  0
|  13|0x0000000746800000, 0x0000000746800000, 0x0000000746a00000|  0%| F|  |TAMS 0x0000000746800000| PB 0x0000000746800000| Untracked |  0
|  14|0x0000000746a00000, 0x0000000746a00000, 0x0000000746c00000|  0%| F|  |TAMS 0x0000000746a00000| PB 0x0000000746a00000| Untracked |  0
|  15|0x0000000746c00000, 0x0000000746c00000, 0x0000000746e00000|  0%| F|  |TAMS 0x0000000746c00000| PB 0x0000000746c00000| Untracked |  0
|  16|0x0000000746e00000, 0x0000000746e00000, 0x0000000747000000|  0%| F|  |TAMS 0x0000000746e00000| PB 0x0000000746e00000| Untracked |  0
|  17|0x0000000747000000, 0x0000000747000000, 0x0000000747200000|  0%| F|  |TAMS 0x0000000747000000| PB 0x0000000747000000| Untracked |  0
|  18|0x0000000747200000, 0x0000000747200000, 0x0000000747400000|  0%| F|  |TAMS 0x0000000747200000| PB 0x0000000747200000| Untracked |  0
|  19|0x0000000747400000, 0x0000000747400000, 0x0000000747600000|  0%| F|  |TAMS 0x0000000747400000| PB 0x0000000747400000| Untracked |  0
|  20|0x0000000747600000, 0x0000000747600000, 0x0000000747800000|  0%| F|  |TAMS 0x0000000747600000| PB 0x0000000747600000| Untracked |  0
|  21|0x0000000747800000, 0x0000000747800000, 0x0000000747a00000|  0%| F|  |TAMS 0x0000000747800000| PB 0x0000000747800000| Untracked |  0
|  22|0x0000000747a00000, 0x0000000747a00000, 0x0000000747c00000|  0%| F|  |TAMS 0x0000000747a00000| PB 0x0000000747a00000| Untracked |  0
|  23|0x0000000747c00000, 0x0000000747c00000, 0x0000000747e00000|  0%| F|  |TAMS 0x0000000747c00000| PB 0x0000000747c00000| Untracked |  0
|  24|0x0000000747e00000, 0x0000000747e00000, 0x0000000748000000|  0%| F|  |TAMS 0x0000000747e00000| PB 0x0000000747e00000| Untracked |  0
|  25|0x0000000748000000, 0x0000000748000000, 0x0000000748200000|  0%| F|  |TAMS 0x0000000748000000| PB 0x0000000748000000| Untracked |  0
|  26|0x0000000748200000, 0x0000000748200000, 0x0000000748400000|  0%| F|  |TAMS 0x0000000748200000| PB 0x0000000748200000| Untracked |  0
|  27|0x0000000748400000, 0x0000000748400000, 0x0000000748600000|  0%| F|  |TAMS 0x0000000748400000| PB 0x0000000748400000| Untracked |  0
|  28|0x0000000748600000, 0x0000000748600000, 0x0000000748800000|  0%| F|  |TAMS 0x0000000748600000| PB 0x0000000748600000| Untracked |  0
|  29|0x0000000748800000, 0x0000000748800000, 0x0000000748a00000|  0%| F|  |TAMS 0x0000000748800000| PB 0x0000000748800000| Untracked |  0
|  30|0x0000000748a00000, 0x0000000748a00000, 0x0000000748c00000|  0%| F|  |TAMS 0x0000000748a00000| PB 0x0000000748a00000| Untracked |  0
|  31|0x0000000748c00000, 0x0000000748c00000, 0x0000000748e00000|  0%| F|  |TAMS 0x0000000748c00000| PB 0x0000000748c00000| Untracked |  0
|  32|0x0000000748e00000, 0x0000000748e00000, 0x0000000749000000|  0%| F|  |TAMS 0x0000000748e00000| PB 0x0000000748e00000| Untracked |  0
|  33|0x0000000749000000, 0x0000000749000000, 0x0000000749200000|  0%| F|  |TAMS 0x0000000749000000| PB 0x0000000749000000| Untracked |  0
|  34|0x0000000749200000, 0x0000000749200000, 0x0000000749400000|  0%| F|  |TAMS 0x0000000749200000| PB 0x0000000749200000| Untracked |  0
|  35|0x0000000749400000, 0x0000000749400000, 0x0000000749600000|  0%| F|  |TAMS 0x0000000749400000| PB 0x0000000749400000| Untracked |  0
|  36|0x0000000749600000, 0x0000000749600000, 0x0000000749800000|  0%| F|  |TAMS 0x0000000749600000| PB 0x0000000749600000| Untracked |  0
|  37|0x0000000749800000, 0x0000000749800000, 0x0000000749a00000|  0%| F|  |TAMS 0x0000000749800000| PB 0x0000000749800000| Untracked |  0
|  38|0x0000000749a00000, 0x0000000749a00000, 0x0000000749c00000|  0%| F|  |TAMS 0x0000000749a00000| PB 0x0000000749a00000| Untracked |  0
|  39|0x0000000749c00000, 0x0000000749c00000, 0x0000000749e00000|  0%| F|  |TAMS 0x0000000749c00000| PB 0x0000000749c00000| Untracked |  0
|  40|0x0000000749e00000, 0x0000000749e00000, 0x000000074a000000|  0%| F|  |TAMS 0x0000000749e00000| PB 0x0000000749e00000| Untracked |  0
|  41|0x000000074a000000, 0x000000074a000000, 0x000000074a200000|  0%| F|  |TAMS 0x000000074a000000| PB 0x000000074a000000| Untracked |  0
|  42|0x000000074a200000, 0x000000074a200000, 0x000000074a400000|  0%| F|  |TAMS 0x000000074a200000| PB 0x000000074a200000| Untracked |  0
|  43|0x000000074a400000, 0x000000074a400000, 0x000000074a600000|  0%| F|  |TAMS 0x000000074a400000| PB 0x000000074a400000| Untracked |  0
|  44|0x000000074a600000, 0x000000074a600000, 0x000000074a800000|  0%| F|  |TAMS 0x000000074a600000| PB 0x000000074a600000| Untracked |  0
|  45|0x000000074a800000, 0x000000074a800000, 0x000000074aa00000|  0%| F|  |TAMS 0x000000074a800000| PB 0x000000074a800000| Untracked |  0
|  46|0x000000074aa00000, 0x000000074aa00000, 0x000000074ac00000|  0%| F|  |TAMS 0x000000074aa00000| PB 0x000000074aa00000| Untracked |  0
|  47|0x000000074ac00000, 0x000000074ac00000, 0x000000074ae00000|  0%| F|  |TAMS 0x000000074ac00000| PB 0x000000074ac00000| Untracked |  0
|  48|0x000000074ae00000, 0x000000074ae00000, 0x000000074b000000|  0%| F|  |TAMS 0x000000074ae00000| PB 0x000000074ae00000| Untracked |  0
|  49|0x000000074b000000, 0x000000074b000000, 0x000000074b200000|  0%| F|  |TAMS 0x000000074b000000| PB 0x000000074b000000| Untracked |  0
|  50|0x000000074b200000, 0x000000074b200000, 0x000000074b400000|  0%| F|  |TAMS 0x000000074b200000| PB 0x000000074b200000| Untracked |  0
|  51|0x000000074b400000, 0x000000074b400000, 0x000000074b600000|  0%| F|  |TAMS 0x000000074b400000| PB 0x000000074b400000| Untracked |  0
|  52|0x000000074b600000, 0x000000074b600000, 0x000000074b800000|  0%| F|  |TAMS 0x000000074b600000| PB 0x000000074b600000| Untracked |  0
|  53|0x000000074b800000, 0x000000074b800000, 0x000000074ba00000|  0%| F|  |TAMS 0x000000074b800000| PB 0x000000074b800000| Untracked |  0
|  54|0x000000074ba00000, 0x000000074ba00000, 0x000000074bc00000|  0%| F|  |TAMS 0x000000074ba00000| PB 0x000000074ba00000| Untracked |  0
|  55|0x000000074bc00000, 0x000000074bc00000, 0x000000074be00000|  0%| F|  |TAMS 0x000000074bc00000| PB 0x000000074bc00000| Untracked |  0
|  56|0x000000074be00000, 0x000000074be00000, 0x000000074c000000|  0%| F|  |TAMS 0x000000074be00000| PB 0x000000074be00000| Untracked |  0
|  57|0x000000074c000000, 0x000000074c000000, 0x000000074c200000|  0%| F|  |TAMS 0x000000074c000000| PB 0x000000074c000000| Untracked |  0
|  58|0x000000074c200000, 0x000000074c200000, 0x000000074c400000|  0%| F|  |TAMS 0x000000074c200000| PB 0x000000074c200000| Untracked |  0
|  59|0x000000074c400000, 0x000000074c400000, 0x000000074c600000|  0%| F|  |TAMS 0x000000074c400000| PB 0x000000074c400000| Untracked |  0
|  60|0x000000074c600000, 0x000000074c600000, 0x000000074c800000|  0%| F|  |TAMS 0x000000074c600000| PB 0x000000074c600000| Untracked |  0
|  61|0x000000074c800000, 0x000000074c800000, 0x000000074ca00000|  0%| F|  |TAMS 0x000000074c800000| PB 0x000000074c800000| Untracked |  0
|  62|0x000000074ca00000, 0x000000074ca00000, 0x000000074cc00000|  0%| F|  |TAMS 0x000000074ca00000| PB 0x000000074ca00000| Untracked |  0
|  63|0x000000074cc00000, 0x000000074cc00000, 0x000000074ce00000|  0%| F|  |TAMS 0x000000074cc00000| PB 0x000000074cc00000| Untracked |  0
|  64|0x000000074ce00000, 0x000000074ce00000, 0x000000074d000000|  0%| F|  |TAMS 0x000000074ce00000| PB 0x000000074ce00000| Untracked |  0
|  65|0x000000074d000000, 0x000000074d000000, 0x000000074d200000|  0%| F|  |TAMS 0x000000074d000000| PB 0x000000074d000000| Untracked |  0
|  66|0x000000074d200000, 0x000000074d200000, 0x000000074d400000|  0%| F|  |TAMS 0x000000074d200000| PB 0x000000074d200000| Untracked |  0
|  67|0x000000074d400000, 0x000000074d400000, 0x000000074d600000|  0%| F|  |TAMS 0x000000074d400000| PB 0x000000074d400000| Untracked |  0
|  68|0x000000074d600000, 0x000000074d600000, 0x000000074d800000|  0%| F|  |TAMS 0x000000074d600000| PB 0x000000074d600000| Untracked |  0
|  69|0x000000074d800000, 0x000000074d800000, 0x000000074da00000|  0%| F|  |TAMS 0x000000074d800000| PB 0x000000074d800000| Untracked |  0
|  70|0x000000074da00000, 0x000000074da00000, 0x000000074dc00000|  0%| F|  |TAMS 0x000000074da00000| PB 0x000000074da00000| Untracked |  0
|  71|0x000000074dc00000, 0x000000074dc00000, 0x000000074de00000|  0%| F|  |TAMS 0x000000074dc00000| PB 0x000000074dc00000| Untracked |  0
|  72|0x000000074de00000, 0x000000074de00000, 0x000000074e000000|  0%| F|  |TAMS 0x000000074de00000| PB 0x000000074de00000| Untracked |  0
|  73|0x000000074e000000, 0x000000074e000000, 0x000000074e200000|  0%| F|  |TAMS 0x000000074e000000| PB 0x000000074e000000| Untracked |  0
|  74|0x000000074e200000, 0x000000074e200000, 0x000000074e400000|  0%| F|  |TAMS 0x000000074e200000| PB 0x000000074e200000| Untracked |  0
|  75|0x000000074e400000, 0x000000074e400000, 0x000000074e600000|  0%| F|  |TAMS 0x000000074e400000| PB 0x000000074e400000| Untracked |  0
|  76|0x000000074e600000, 0x000000074e600000, 0x000000074e800000|  0%| F|  |TAMS 0x000000074e600000| PB 0x000000074e600000| Untracked |  0
|  77|0x000000074e800000, 0x000000074e800000, 0x000000074ea00000|  0%| F|  |TAMS 0x000000074e800000| PB 0x000000074e800000| Untracked |  0
|  78|0x000000074ea00000, 0x000000074ea00000, 0x000000074ec00000|  0%| F|  |TAMS 0x000000074ea00000| PB 0x000000074ea00000| Untracked |  0
|  79|0x000000074ec00000, 0x000000074ec00000, 0x000000074ee00000|  0%| F|  |TAMS 0x000000074ec00000| PB 0x000000074ec00000| Untracked |  0
|  80|0x000000074ee00000, 0x000000074efc54a0, 0x000000074f000000| 88%| S|CS|TAMS 0x000000074ee00000| PB 0x000000074ee00000| Complete |  0
|  81|0x000000074f000000, 0x000000074f200000, 0x000000074f200000|100%| S|CS|TAMS 0x000000074f000000| PB 0x000000074f000000| Complete |  0
|  82|0x000000074f200000, 0x000000074f200000, 0x000000074f400000|  0%| F|  |TAMS 0x000000074f200000| PB 0x000000074f200000| Untracked |  0
|  83|0x000000074f400000, 0x000000074f400000, 0x000000074f600000|  0%| F|  |TAMS 0x000000074f400000| PB 0x000000074f400000| Untracked |  0
|  84|0x000000074f600000, 0x000000074f600000, 0x000000074f800000|  0%| F|  |TAMS 0x000000074f600000| PB 0x000000074f600000| Untracked |  0
|  85|0x000000074f800000, 0x000000074f8356e0, 0x000000074fa00000| 10%| E|  |TAMS 0x000000074f800000| PB 0x000000074f800000| Complete |  0
|  86|0x000000074fa00000, 0x000000074fc00000, 0x000000074fc00000|100%| E|CS|TAMS 0x000000074fa00000| PB 0x000000074fa00000| Complete |  0
|  87|0x000000074fc00000, 0x000000074fe00000, 0x000000074fe00000|100%| E|CS|TAMS 0x000000074fc00000| PB 0x000000074fc00000| Complete |  0
|  88|0x000000074fe00000, 0x0000000750000000, 0x0000000750000000|100%| E|CS|TAMS 0x000000074fe00000| PB 0x000000074fe00000| Complete |  0
|  89|0x0000000750000000, 0x0000000750200000, 0x0000000750200000|100%| E|CS|TAMS 0x0000000750000000| PB 0x0000000750000000| Complete |  0
|  90|0x0000000750200000, 0x0000000750400000, 0x0000000750400000|100%| E|CS|TAMS 0x0000000750200000| PB 0x0000000750200000| Complete |  0
|  91|0x0000000750400000, 0x0000000750600000, 0x0000000750600000|100%| E|CS|TAMS 0x0000000750400000| PB 0x0000000750400000| Complete |  0
|  92|0x0000000750600000, 0x0000000750800000, 0x0000000750800000|100%| E|CS|TAMS 0x0000000750600000| PB 0x0000000750600000| Complete |  0
|  93|0x0000000750800000, 0x0000000750a00000, 0x0000000750a00000|100%| E|CS|TAMS 0x0000000750800000| PB 0x0000000750800000| Complete |  0

Card table byte_map: [0x00000280f1890000,0x00000280f1e70000] _byte_map_base: 0x00000280ede69000

Marking Bits: (CMBitMap*) 0x00000280d9a52080
 Bits: [0x00000280f1e70000, 0x00000280f4d38000)

Polling page: 0x00000280d76c0000

Metaspace:

Usage:
  Non-class:     10.01 MB used.
      Class:      1.21 MB used.
       Both:     11.23 MB used.

Virtual space:
  Non-class space:       64.00 MB reserved,      10.12 MB ( 16%) committed,  1 nodes.
      Class space:        1.00 GB reserved,       1.31 MB ( <1%) committed,  1 nodes.
             Both:        1.06 GB reserved,      11.44 MB (  1%) committed. 

Chunk freelists:
   Non-Class:  5.00 MB
       Class:  14.71 MB
        Both:  19.71 MB

MaxMetaspaceSize: unlimited
CompressedClassSpaceSize: 1.00 GB
Initial GC threshold: 21.00 MB
Current GC threshold: 21.00 MB
CDS: on
 - commit_granule_bytes: 65536.
 - commit_granule_words: 8192.
 - virtual_space_node_default_size: 8388608.
 - enlarge_chunks_in_place: 1.
 - use_allocation_guard: 0.


Internal statistics:

num_allocs_failed_limit: 0.
num_arena_births: 208.
num_arena_deaths: 0.
num_vsnodes_births: 2.
num_vsnodes_deaths: 0.
num_space_committed: 183.
num_space_uncommitted: 0.
num_chunks_returned_to_freelist: 0.
num_chunks_taken_from_freelist: 273.
num_chunk_merges: 0.
num_chunk_splits: 162.
num_chunks_enlarged: 77.
num_inconsistent_stats: 0.

CodeHeap 'non-profiled nmethods': size=120000Kb used=1353Kb max_used=1353Kb free=118646Kb
 bounds [0x00000280e9820000, 0x00000280e9a90000, 0x00000280f0d50000]
CodeHeap 'profiled nmethods': size=120000Kb used=5316Kb max_used=5316Kb free=114683Kb
 bounds [0x00000280e1d50000, 0x00000280e2290000, 0x00000280e9280000]
CodeHeap 'non-nmethods': size=5760Kb used=1670Kb max_used=1710Kb free=4089Kb
 bounds [0x00000280e9280000, 0x00000280e94f0000, 0x00000280e9820000]
 total_blobs=3609 nmethods=2898 adapters=614
 compilation: enabled
              stopped_count=0, restarted_count=0
 full_count=0

Compilation events (20 events):
Event: 730.261 Thread 0x00000280f79b1610 2888       4       java.util.concurrent.TimeUnit::toNanos (45 bytes)
Event: 730.262 Thread 0x00000280f79b1610 nmethod 2888 0x00000280e996e510 code [0x00000280e996e6a0, 0x00000280e996e798]
Event: 734.307 Thread 0x00000280f79b1610 2889       4       javax.swing.TimerQueue::now (8 bytes)
Event: 734.307 Thread 0x00000280f79b1610 nmethod 2889 0x00000280e996e890 code [0x00000280e996ea00, 0x00000280e996ea88]
Event: 750.398 Thread 0x00000280f79d2040 2890   !   3       jdk.internal.ref.PhantomCleanable::isListEmpty (34 bytes)
Event: 750.399 Thread 0x00000280f79d2040 nmethod 2890 0x00000280e227e110 code [0x00000280e227e2c0, 0x00000280e227e520]
Event: 750.399 Thread 0x00000280f79d2040 2891       3       jdk.internal.misc.InnocuousThread::eraseThreadLocals (23 bytes)
Event: 750.399 Thread 0x00000280f79d2040 nmethod 2891 0x00000280e227e610 code [0x00000280e227e7a0, 0x00000280e227e998]
Event: 750.399 Thread 0x00000280f79d2040 2892   !   3       java.lang.ref.ReferenceQueue::remove (61 bytes)
Event: 750.401 Thread 0x00000280f79d2040 nmethod 2892 0x00000280e227ea10 code [0x00000280e227ec80, 0x00000280e227f830]
Event: 762.597 Thread 0x00000280f79b1610 2893       4       java.lang.Character::hashCode (8 bytes)
Event: 762.598 Thread 0x00000280f79b1610 nmethod 2893 0x00000280e996eb90 code [0x00000280e996ed00, 0x00000280e996ed90]
Event: 763.479 Thread 0x00000280f79d2040 2894   !   3       java.awt.Toolkit::setDesktopProperty (81 bytes)
Event: 763.481 Thread 0x00000280f79d2040 nmethod 2894 0x00000280e227fc10 code [0x00000280e227fe20, 0x00000280e2280630]
Event: 767.635 Thread 0x00000280f79b1610 2895       4       java.time.format.DateTimeFormatterBuilder::parseField (919 bytes)
Event: 767.655 Thread 0x00000280f79b1610 nmethod 2895 0x00000280e996ee90 code [0x00000280e996f3c0, 0x00000280e99706b8]
Event: 767.655 Thread 0x00000280f79b1610 2896       4       java.time.format.DateTimePrintContext::getValue (36 bytes)
Event: 767.661 Thread 0x00000280f79b1610 nmethod 2896 0x00000280e9971290 code [0x00000280e9971480, 0x00000280e99719c8]
Event: 770.668 Thread 0x00000280f79b1610 2897       4       java.util.Arrays::copyOf (40 bytes)
Event: 770.673 Thread 0x00000280f79b1610 nmethod 2897 0x00000280e9971d90 code [0x00000280e9971f40, 0x00000280e99723e8]

GC Heap History (2 events):
Event: 90.288 GC heap before
{Heap before GC invocations=0 (full 0):
 garbage-first heap   total reserved 3065856K, committed 192512K, used 34816K [0x0000000744e00000, 0x0000000800000000)
  region size 2048K, 12 young (24576K), 0 survivors (0K)
 Metaspace       used 11285K, committed 11584K, reserved 1114112K
  class space    used 1239K, committed 1344K, reserved 1048576K
}
Event: 90.297 GC heap after
{Heap after GC invocations=1 (full 0):
 garbage-first heap   total reserved 3065856K, committed 192512K, used 14101K [0x0000000744e00000, 0x0000000800000000)
  region size 2048K, 2 young (4096K), 2 survivors (4096K)
 Metaspace       used 11285K, committed 11584K, reserved 1114112K
  class space    used 1239K, committed 1344K, reserved 1048576K
}

Dll operation events (9 events):
Event: 0.013 Loaded shared library C:\Program Files\Java\jdk-22\bin\java.dll
Event: 0.049 Loaded shared library C:\Program Files\Java\jdk-22\bin\jsvml.dll
Event: 0.067 Loaded shared library C:\Program Files\Java\jdk-22\bin\net.dll
Event: 0.069 Loaded shared library C:\Program Files\Java\jdk-22\bin\nio.dll
Event: 0.072 Loaded shared library C:\Program Files\Java\jdk-22\bin\zip.dll
Event: 0.100 Loaded shared library C:\Program Files\Java\jdk-22\bin\jimage.dll
Event: 0.106 Loaded shared library C:\Program Files\Java\jdk-22\bin\awt.dll
Event: 0.286 Loaded shared library C:\Program Files\Java\jdk-22\bin\freetype.dll
Event: 0.287 Loaded shared library C:\Program Files\Java\jdk-22\bin\fontmanager.dll

Deoptimization events (20 events):
Event: 90.554 Thread 0x00000280c5438a30 DEOPT PACKING pc=0x00000280e98b8298 sp=0x000000a6ccbfddc0
Event: 90.554 Thread 0x00000280c5438a30 DEOPT UNPACKING pc=0x00000280e92d46a2 sp=0x000000a6ccbfdd70 mode 2
Event: 109.406 Thread 0x00000280c5438a30 Uncommon trap: trap_request=0xffffff45 fr.pc=0x00000280e9907590 relative=0x0000000000000b50
Event: 109.406 Thread 0x00000280c5438a30 Uncommon trap: reason=unstable_if action=reinterpret pc=0x00000280e9907590 method=sun.awt.GlobalCursorManager._updateCursor(Z)V @ 37 c2
Event: 109.406 Thread 0x00000280c5438a30 DEOPT PACKING pc=0x00000280e9907590 sp=0x000000a6ccbfeb80
Event: 109.406 Thread 0x00000280c5438a30 DEOPT UNPACKING pc=0x00000280e92d46a2 sp=0x000000a6ccbfeb50 mode 2
Event: 111.082 Thread 0x00000280c5438a30 Uncommon trap: trap_request=0xffffff45 fr.pc=0x00000280e9903f28 relative=0x0000000000000608
Event: 111.082 Thread 0x00000280c5438a30 Uncommon trap: reason=unstable_if action=reinterpret pc=0x00000280e9903f28 method=sun.java2d.SunGraphics2D.validateCompClip()V @ 35 c2
Event: 111.082 Thread 0x00000280c5438a30 DEOPT PACKING pc=0x00000280e9903f28 sp=0x000000a6ccbfd320
Event: 111.082 Thread 0x00000280c5438a30 DEOPT UNPACKING pc=0x00000280e92d46a2 sp=0x000000a6ccbfd2d8 mode 2
Event: 111.097 Thread 0x00000280c5438a30 Uncommon trap: trap_request=0xffffff45 fr.pc=0x00000280e98fbea4 relative=0x0000000000000204
Event: 111.097 Thread 0x00000280c5438a30 Uncommon trap: reason=unstable_if action=reinterpret pc=0x00000280e98fbea4 method=sun.java2d.pipe.Region.getIntersectionXYXY(IIII)Lsun/java2d/pipe/Region; @ 55 c2
Event: 111.097 Thread 0x00000280c5438a30 DEOPT PACKING pc=0x00000280e98fbea4 sp=0x000000a6ccbfe100
Event: 111.097 Thread 0x00000280c5438a30 DEOPT UNPACKING pc=0x00000280e92d46a2 sp=0x000000a6ccbfe068 mode 2
Event: 421.720 Thread 0x00000280c5438a30 DEOPT PACKING pc=0x00000280e2162045 sp=0x000000a6ccbfce00
Event: 421.720 Thread 0x00000280c5438a30 DEOPT UNPACKING pc=0x00000280e92d4e42 sp=0x000000a6ccbfc2d8 mode 0
Event: 771.670 Thread 0x00000280c5438a30 Uncommon trap: trap_request=0xffffffcc fr.pc=0x00000280e9972190 relative=0x0000000000000250
Event: 771.670 Thread 0x00000280c5438a30 Uncommon trap: reason=intrinsic_or_type_checked_inlining action=make_not_entrant pc=0x00000280e9972190 method=java.util.Arrays.copyOf([Ljava/lang/Object;ILjava/lang/Class;)[Ljava/lang/Object; @ 35 c2
Event: 771.670 Thread 0x00000280c5438a30 DEOPT PACKING pc=0x00000280e9972190 sp=0x000000a6ccbfea30
Event: 771.670 Thread 0x00000280c5438a30 DEOPT UNPACKING pc=0x00000280e92d46a2 sp=0x000000a6ccbfe9c0 mode 2

Classes loaded (20 events):
Event: 37.135 Loading class sun/awt/SunToolkit$1
Event: 37.135 Loading class sun/awt/SunToolkit$1 done
Event: 37.164 Loading class java/awt/Window$1DisposeAction
Event: 37.164 Loading class java/awt/Window$1DisposeAction done
Event: 37.167 Loading class java/awt/LightweightDispatcher$2
Event: 37.167 Loading class java/awt/LightweightDispatcher$2 done
Event: 48.435 Loading class javax/swing/event/CaretListener
Event: 48.435 Loading class javax/swing/event/CaretListener done
Event: 55.426 Loading class java/security/DomainCombiner
Event: 55.426 Loading class java/security/DomainCombiner done
Event: 56.841 Loading class javax/swing/text/DefaultHighlighter$LayeredHighlightInfo
Event: 56.842 Loading class javax/swing/text/DefaultHighlighter$HighlightInfo
Event: 56.842 Loading class javax/swing/text/DefaultHighlighter$HighlightInfo done
Event: 56.842 Loading class javax/swing/text/DefaultHighlighter$LayeredHighlightInfo done
Event: 63.465 Loading class javax/swing/JList
Event: 63.465 Loading class javax/swing/JList done
Event: 111.054 Loading class sun/awt/windows/WInputMethod$1
Event: 111.055 Loading class sun/awt/windows/WInputMethod$1 done
Event: 111.097 Loading class java/awt/font/TextHitInfo
Event: 111.097 Loading class java/awt/font/TextHitInfo done

Classes unloaded (0 events):
No events

Classes redefined (0 events):
No events

Internal exceptions (19 events):
Event: 0.091 Thread 0x00000280d77462c0 Exception <a 'java/lang/ClassNotFoundException'{0x0000000750636118}: sun/awt/resources/spi/awtProvider> (0x0000000750636118) 
thrown [s\open\src\hotspot\share\classfile\systemDictionary.cpp, line 313]
Event: 0.116 Thread 0x00000280d77462c0 Exception <a 'java/io/FileNotFoundException'{0x00000007507087f0}> (0x00000007507087f0) 
thrown [s\open\src\hotspot\share\prims\jni.cpp, line 520]
Event: 0.123 Thread 0x00000280d77462c0 Exception <a 'java/io/FileNotFoundException'{0x0000000750736a70}> (0x0000000750736a70) 
thrown [s\open\src\hotspot\share\prims\jni.cpp, line 520]
Event: 0.216 Thread 0x00000280c5438a30 Exception <a 'java/lang/NoSuchMethodError'{0x00000007504ccfb8}: 'void java.lang.invoke.DirectMethodHandle$Holder.invokeSpecial(java.lang.Object, java.lang.Object, java.lang.Object)'> (0x00000007504ccfb8) 
thrown [s\open\src\hotspot\share\interpreter\linkResolver.cpp, line 774]
Event: 0.222 Thread 0x00000280c5438a30 Exception <a 'java/lang/NoSuchMethodError'{0x00000007504f3228}: 'java.lang.Object java.lang.invoke.DirectMethodHandle$Holder.newInvokeSpecial(java.lang.Object, java.lang.Object, java.lang.Object, java.lang.Object, java.lang.Object)'> (0x00000007504f3228) 
thrown [s\open\src\hotspot\share\interpreter\linkResolver.cpp, line 774]
Event: 0.227 Thread 0x00000280c5438a30 Exception <a 'java/lang/NoSuchMethodError'{0x000000075059ac20}: 'java.lang.Object java.lang.invoke.DirectMethodHandle$Holder.invokeStatic(java.lang.Object, int, java.lang.Object)'> (0x000000075059ac20) 
thrown [s\open\src\hotspot\share\interpreter\linkResolver.cpp, line 774]
Event: 0.246 Thread 0x00000280c5438a30 Exception <a 'java/lang/ClassNotFoundException'{0x000000075023cd78}: com/sun/swing/internal/plaf/metal/resources/spi/metalProvider> (0x000000075023cd78) 
thrown [s\open\src\hotspot\share\classfile\systemDictionary.cpp, line 313]
Event: 0.247 Thread 0x00000280c5438a30 Exception <a 'java/lang/ClassNotFoundException'{0x0000000750240d28}: com/sun/swing/internal/plaf/basic/resources/spi/basicProvider> (0x0000000750240d28) 
thrown [s\open\src\hotspot\share\classfile\systemDictionary.cpp, line 313]
Event: 0.256 Thread 0x00000280c5438a30 Exception <a 'java/lang/NoSuchMethodError'{0x0000000750260a58}: 'int java.lang.invoke.Invokers$Holder.invokeExact_MT(java.lang.Object, java.lang.Object)'> (0x0000000750260a58) 
thrown [s\open\src\hotspot\share\interpreter\linkResolver.cpp, line 774]
Event: 0.334 Thread 0x00000280c5438a30 Exception <a 'java/lang/NoSuchMethodError'{0x00000007502df158}: 'void java.lang.invoke.DirectMethodHandle$Holder.invokeStatic(java.lang.Object, java.lang.Object, java.lang.Object)'> (0x00000007502df158) 
thrown [s\open\src\hotspot\share\interpreter\linkResolver.cpp, line 774]
Event: 0.335 Thread 0x00000280c5438a30 Exception <a 'java/lang/NoSuchMethodError'{0x00000007502e5048}: 'void java.lang.invoke.DirectMethodHandle$Holder.invokeStatic(java.lang.Object, java.lang.Object)'> (0x00000007502e5048) 
thrown [s\open\src\hotspot\share\interpreter\linkResolver.cpp, line 774]
Event: 0.345 Thread 0x00000280c5438a30 Exception <a 'java/lang/NoSuchMethodError'{0x0000000750380248}: 'void java.lang.invoke.DirectMethodHandle$Holder.invokeVirtual(java.lang.Object, java.lang.Object)'> (0x0000000750380248) 
thrown [s\open\src\hotspot\share\interpreter\linkResolver.cpp, line 774]
Event: 0.459 Thread 0x00000280c5438a30 Exception <a 'java/lang/NoSuchMethodError'{0x0000000750155178}: 'void java.lang.invoke.DirectMethodHandle$Holder.invokeStaticInit(java.lang.Object)'> (0x0000000750155178) 
thrown [s\open\src\hotspot\share\interpreter\linkResolver.cpp, line 774]
Event: 0.545 Thread 0x00000280c5438a30 Exception <a 'java/io/FileNotFoundException'{0x000000074fe857f0}> (0x000000074fe857f0) 
thrown [s\open\src\hotspot\share\prims\jni.cpp, line 520]
Event: 0.549 Thread 0x00000280c5438a30 Exception <a 'java/io/FileNotFoundException'{0x000000074fe9d178}> (0x000000074fe9d178) 
thrown [s\open\src\hotspot\share\prims\jni.cpp, line 520]
Event: 34.921 Thread 0x00000280c5438a30 Implicit null exception at 0x00000280e98a0f2c to 0x00000280e98a11aa
Event: 34.927 Thread 0x00000280c633b970 Exception <a 'java/lang/NoSuchMethodError'{0x000000074fa84be0}: 'java.lang.Object java.lang.invoke.DirectMethodHandle$Holder.newInvokeSpecial(java.lang.Object, java.lang.Object, java.lang.Object, int, int, int, int, int)'> (0x000000074fa84be0) 
thrown [s\open\src\hotspot\share\interpreter\linkResolver.cpp, line 774]
Event: 34.983 Thread 0x00000280c5438a30 Exception <a 'java/lang/NoSuchMethodError'{0x000000074fb01f10}: 'int java.lang.invoke.DirectMethodHandle$Holder.invokeStatic(java.lang.Object)'> (0x000000074fb01f10) 
thrown [s\open\src\hotspot\share\interpreter\linkResolver.cpp, line 774]
Event: 109.406 Thread 0x00000280c5438a30 Implicit null exception at 0x00000280e9906bd7 to 0x00000280e990757c

ZGC Phase Switch (0 events):
No events

VM Operations (20 events):
Event: 422.489 Executing VM operation: Cleanup
Event: 422.489 Executing VM operation: Cleanup done
Event: 433.572 Executing VM operation: Cleanup
Event: 433.572 Executing VM operation: Cleanup done
Event: 443.652 Executing VM operation: Cleanup
Event: 443.652 Executing VM operation: Cleanup done
Event: 447.684 Executing VM operation: Cleanup
Event: 447.684 Executing VM operation: Cleanup done
Event: 479.871 Executing VM operation: Cleanup
Event: 479.871 Executing VM operation: Cleanup done
Event: 549.283 Executing VM operation: Cleanup
Event: 549.283 Executing VM operation: Cleanup done
Event: 590.538 Executing VM operation: Cleanup
Event: 590.538 Executing VM operation: Cleanup done
Event: 630.778 Executing VM operation: Cleanup
Event: 630.778 Executing VM operation: Cleanup done
Event: 685.178 Executing VM operation: Cleanup
Event: 685.178 Executing VM operation: Cleanup done
Event: 690.230 Executing VM operation: Cleanup
Event: 690.230 Executing VM operation: Cleanup done

Memory protections (0 events):
No events

Nmethod flushes (0 events):
No events

Events (20 events):
Event: 0.046 Thread 0x00000280d77462c0 Thread added: 0x00000280f798a4c0
Event: 0.046 Thread 0x00000280d77462c0 Thread added: 0x00000280f798e970
Event: 0.046 Thread 0x00000280d77462c0 Thread added: 0x00000280f7990a60
Event: 0.046 Thread 0x00000280d77462c0 Thread added: 0x00000280f799e9d0
Event: 0.046 Thread 0x00000280d77462c0 Thread added: 0x00000280f79a0200
Event: 0.047 Thread 0x00000280d77462c0 Thread added: 0x00000280f79b1610
Event: 0.047 Thread 0x00000280d77462c0 Thread added: 0x00000280f79d2040
Event: 0.063 Thread 0x00000280d77462c0 Thread added: 0x00000280c52531b0
Event: 0.064 Thread 0x00000280d77462c0 Thread added: 0x00000280c52578b0
Event: 0.163 Thread 0x00000280d77462c0 Thread added: 0x00000280c5410b70
Event: 0.164 Thread 0x00000280d77462c0 Thread added: 0x00000280c541b9f0
Event: 0.166 Thread 0x00000280d77462c0 Thread added: 0x00000280c5424340
Event: 0.179 Thread 0x00000280d77462c0 Thread added: 0x00000280c5438a30
Event: 0.179 Thread 0x00000280d77462c0 Thread exited: 0x00000280d77462c0
Event: 0.179 Thread 0x00000280d77462c0 Thread added: 0x00000280d77462c0
Event: 0.324 Thread 0x00000280c5438a30 Thread added: 0x00000280c5502350
Event: 34.922 Thread 0x00000280c5438a30 Thread added: 0x00000280c633b970
Event: 39.938 Thread 0x00000280c633b970 Thread exited: 0x00000280c633b970
Event: 71.097 Thread 0x00000280c5438a30 Thread added: 0x00000280c5209830
Event: 76.104 Thread 0x00000280c5209830 Thread exited: 0x00000280c5209830


Dynamic libraries:
0x00007ff70aec0000 - 0x00007ff70aed0000 	C:\Program Files\Java\jdk-22\bin\java.exe
0x00007ffeda240000 - 0x00007ffeda4a6000 	C:\WINDOWS\SYSTEM32\ntdll.dll
0x00007ffed9a10000 - 0x00007ffed9ad9000 	C:\WINDOWS\System32\KERNEL32.DLL
0x00007ffed7700000 - 0x00007ffed7afe000 	C:\WINDOWS\System32\KERNELBASE.dll
0x00007ffed7510000 - 0x00007ffed765c000 	C:\WINDOWS\System32\ucrtbase.dll
0x00007ffeb9b50000 - 0x00007ffeb9b6b000 	C:\Program Files\Java\jdk-22\bin\VCRUNTIME140.dll
0x00007ffeb8f10000 - 0x00007ffeb8f27000 	C:\Program Files\Java\jdk-22\bin\jli.dll
0x00007ffed9840000 - 0x00007ffed9a07000 	C:\WINDOWS\System32\USER32.dll
0x00007ffed7c90000 - 0x00007ffed7cb7000 	C:\WINDOWS\System32\win32u.dll
0x00007ffebcef0000 - 0x00007ffebd182000 	C:\WINDOWS\WinSxS\amd64_microsoft.windows.common-controls_6595b64144ccf1df_6.0.26100.8894_none_3e0f749ee32e02ea\COMCTL32.dll
0x00007ffed9ed0000 - 0x00007ffed9efb000 	C:\WINDOWS\System32\GDI32.dll
0x00007ffed89f0000 - 0x00007ffed8a99000 	C:\WINDOWS\System32\msvcrt.dll
0x00007ffed7d80000 - 0x00007ffed7eaa000 	C:\WINDOWS\System32\gdi32full.dll
0x00007ffed7460000 - 0x00007ffed7503000 	C:\WINDOWS\System32\msvcp_win.dll
0x00007ffed9800000 - 0x00007ffed9832000 	C:\WINDOWS\System32\IMM32.DLL
0x00007ffeba5f0000 - 0x00007ffeba5fc000 	C:\Program Files\Java\jdk-22\bin\vcruntime140_1.dll
0x00007ffe78b40000 - 0x00007ffe78bce000 	C:\Program Files\Java\jdk-22\bin\msvcp140.dll
0x00007ffe3fbb0000 - 0x00007ffe408f9000 	C:\Program Files\Java\jdk-22\bin\server\jvm.dll
0x00007ffeda000000 - 0x00007ffeda0b7000 	C:\WINDOWS\System32\ADVAPI32.dll
0x00007ffed9d10000 - 0x00007ffed9dba000 	C:\WINDOWS\System32\sechost.dll
0x00007ffed9bf0000 - 0x00007ffed9d08000 	C:\WINDOWS\System32\RPCRT4.dll
0x00007ffed92e0000 - 0x00007ffed9360000 	C:\WINDOWS\System32\WS2_32.dll
0x00007ffed2d10000 - 0x00007ffed2d46000 	C:\WINDOWS\SYSTEM32\WINMM.dll
0x00007ffec4a30000 - 0x00007ffec4a3b000 	C:\WINDOWS\SYSTEM32\VERSION.dll
0x00007ffed72c0000 - 0x00007ffed731e000 	C:\WINDOWS\SYSTEM32\POWRPROF.dll
0x00007ffed72a0000 - 0x00007ffed72b4000 	C:\WINDOWS\SYSTEM32\UMPDC.dll
0x00007ffed6140000 - 0x00007ffed615b000 	C:\WINDOWS\SYSTEM32\kernel.appcore.dll
0x00007ffeb9b40000 - 0x00007ffeb9b4a000 	C:\Program Files\Java\jdk-22\bin\jimage.dll
0x00007ffed4900000 - 0x00007ffed4b42000 	C:\WINDOWS\SYSTEM32\DBGHELP.DLL
0x00007ffed9370000 - 0x00007ffed96f3000 	C:\WINDOWS\System32\combase.dll
0x00007ffed9720000 - 0x00007ffed97f9000 	C:\WINDOWS\System32\OLEAUT32.dll
0x00007ffecec60000 - 0x00007ffecec9b000 	C:\WINDOWS\SYSTEM32\dbgcore.DLL
0x00007ffed7cc0000 - 0x00007ffed7d6c000 	C:\WINDOWS\System32\bcryptPrimitives.dll
0x00007ffeaa730000 - 0x00007ffeaa74e000 	C:\Program Files\Java\jdk-22\bin\java.dll
0x00007ffed8250000 - 0x00007ffed89e2000 	C:\WINDOWS\System32\SHELL32.dll
0x00007ffed8cb0000 - 0x00007ffed8e49000 	C:\WINDOWS\System32\ole32.dll
0x00007ffed4ed0000 - 0x00007ffed5762000 	C:\WINDOWS\SYSTEM32\windows.storage.dll
0x00007ffed9dc0000 - 0x00007ffed9eb7000 	C:\WINDOWS\System32\SHCORE.dll
0x00007ffed9ae0000 - 0x00007ffed9b47000 	C:\WINDOWS\System32\shlwapi.dll
0x00007ffed7380000 - 0x00007ffed73a9000 	C:\WINDOWS\SYSTEM32\profapi.dll
0x00007ffe655d0000 - 0x00007ffe656a7000 	C:\Program Files\Java\jdk-22\bin\jsvml.dll
0x00007ffeb89a0000 - 0x00007ffeb89b0000 	C:\Program Files\Java\jdk-22\bin\net.dll
0x00007ffed66f0000 - 0x00007ffed675c000 	C:\WINDOWS\system32\mswsock.dll
0x00007ffeaa600000 - 0x00007ffeaa616000 	C:\Program Files\Java\jdk-22\bin\nio.dll
0x00007ffea9cf0000 - 0x00007ffea9d07000 	C:\Program Files\Java\jdk-22\bin\zip.dll
0x00007ffe58890000 - 0x00007ffe58a1e000 	C:\Program Files\Java\jdk-22\bin\awt.dll
0x00007ffed3ed0000 - 0x00007ffed3f70000 	C:\WINDOWS\SYSTEM32\apphelp.dll
0x00007ffed4040000 - 0x00007ffed40e9000 	C:\WINDOWS\system32\uxtheme.dll
0x00007ffed7fe0000 - 0x00007ffed813d000 	C:\WINDOWS\System32\MSCTF.dll
0x00007ffed42e0000 - 0x00007ffed430f000 	C:\WINDOWS\system32\DWMAPI.DLL
0x00007ffe53710000 - 0x00007ffe5381c000 	C:\WINDOWS\system32\opengl32.dll
0x00007ffea9ba0000 - 0x00007ffea9bcd000 	C:\WINDOWS\SYSTEM32\GLU32.dll
0x00007ffed4120000 - 0x00007ffed4166000 	C:\WINDOWS\SYSTEM32\dxcore.dll
0x00007ffe6b4a0000 - 0x00007ffe6b527000 	C:\Program Files\Java\jdk-22\bin\freetype.dll
0x00007ffe5dab0000 - 0x00007ffe5db87000 	C:\Program Files\Java\jdk-22\bin\fontmanager.dll
0x00007ffeda0c0000 - 0x00007ffeda16e000 	C:\WINDOWS\System32\clbcatq.dll
0x00007ffed2220000 - 0x00007ffed244d000 	C:\WINDOWS\SYSTEM32\WindowsCodecs.dll
0x00007ffeaa590000 - 0x00007ffeaa5ed000 	C:\WINDOWS\system32\dataexchange.dll
0x00007ffec56e0000 - 0x00007ffec592f000 	C:\WINDOWS\system32\twinapi.appcore.dll
0x00007ffebbf80000 - 0x00007ffebc0c7000 	C:\WINDOWS\SYSTEM32\textinputframework.dll
0x00007ffebd590000 - 0x00007ffebd5ee000 	C:\WINDOWS\system32\ApplicationTargetedFeatureDatabase.dll
0x00007ffece370000 - 0x00007ffece4da000 	C:\Windows\System32\WinTypes.dll
0x00007ffe8faf0000 - 0x00007ffe8fb63000 	C:\WINDOWS\system32\Oleacc.dll
0x00007ffed3af0000 - 0x00007ffed3c15000 	C:\WINDOWS\SYSTEM32\CoreMessaging.dll
0x00007ffece4e0000 - 0x00007ffece7c4000 	C:\WINDOWS\SYSTEM32\CoreUIComponents.dll
0x00007ffed69f0000 - 0x00007ffed69fc000 	C:\WINDOWS\SYSTEM32\CRYPTBASE.DLL
0x00007ffe9af90000 - 0x00007ffe9b00e000 	C:\WINDOWS\system32\Ninput.dll

dbghelp: loaded successfully - version: 4.0.5 - missing functions: none
symbol engine: initialized successfully - sym options: 0x614 - pdb path: .;C:\Program Files\Java\jdk-22\bin;C:\WINDOWS\SYSTEM32;C:\WINDOWS\WinSxS\amd64_microsoft.windows.common-controls_6595b64144ccf1df_6.0.26100.8894_none_3e0f749ee32e02ea;C:\Program Files\Java\jdk-22\bin\server

VM Arguments:
java_command: target\order-matching-engine-1.0.0.jar
java_class_path (initial): target\order-matching-engine-1.0.0.jar
Launcher Type: SUN_STANDARD

[Global flags]
     intx CICompilerCount                          = 4                                         {product} {ergonomic}
     uint ConcGCThreads                            = 3                                         {product} {ergonomic}
     uint G1ConcRefinementThreads                  = 10                                        {product} {ergonomic}
   size_t G1HeapRegionSize                         = 2097152                                   {product} {ergonomic}
   size_t InitialHeapSize                          = 197132288                                 {product} {ergonomic}
   size_t MarkStackSize                            = 4194304                                   {product} {ergonomic}
   size_t MaxHeapSize                              = 3139436544                                {product} {ergonomic}
   size_t MaxNewSize                               = 1883242496                                {product} {ergonomic}
   size_t MinHeapDeltaBytes                        = 2097152                                   {product} {ergonomic}
   size_t MinHeapSize                              = 8388608                                   {product} {ergonomic}
    uintx NonNMethodCodeHeapSize                   = 5839372                                {pd product} {ergonomic}
    uintx NonProfiledCodeHeapSize                  = 122909434                              {pd product} {ergonomic}
    uintx ProfiledCodeHeapSize                     = 122909434                              {pd product} {ergonomic}
    uintx ReservedCodeCacheSize                    = 251658240                              {pd product} {ergonomic}
     bool SegmentedCodeCache                       = true                                      {product} {ergonomic}
   size_t SoftMaxHeapSize                          = 3139436544                             {manageable} {ergonomic}
     bool UseCompressedOops                        = true                           {product lp64_product} {ergonomic}
     bool UseG1GC                                  = true                                      {product} {ergonomic}
     bool UseLargePagesIndividualAllocation        = false                                  {pd product} {ergonomic}

Logging:
Log output configuration:
 #0: stdout all=warning uptime,level,tags foldmultilines=false
 #1: stderr all=off uptime,level,tags foldmultilines=false

Environment Variables:
JAVA_HOME=C:\Program Files\Java\jdk-22
PATH=c:\Users\ankus\AppData\Roaming\Code\User\globalStorage\github.copilot-chat\debugCommand;c:\Users\ankus\AppData\Roaming\Code\User\globalStorage\github.copilot-chat\copilotCli;C:\Python314\Scripts\;C:\Python314\;C:\Program Files\Common Files\Oracle\Java\javapath;C:\WINDOWS\system32;C:\WINDOWS;C:\WINDOWS\System32\Wbem;C:\WINDOWS\System32\WindowsPowerShell\v1.0\;C:\WINDOWS\System32\OpenSSH\;C:\Program Files\dotnet\;C:\MinGW\bin;C:\Program Files\Java\jdk-22\bin;C:\Program Files\MySQL\MySQL Server 8.0\bin;C:\Program Files\win_flex_bison\bin;C:\Users\ankus\Downloads\win_flex_bison-latest;C:\Program Files (x86)\Microsoft SQL Server\160\DTS\Binn\;C:\flutter\bin;C:\Program Files\nodejs\;C:\ProgramData\chocolatey\bin;C:\Program Files\Git\cmd;C:\Program Files\Apache\apache-maven-3.9.16-bin\apache-maven-3.9.16\bin;C:\Program Files\MySQL\MySQL Shell 8.0\bin\;C:\Users\ankus\AppData\Local\Programs\Python\Python311\Scripts\;C:\Users\ankus\AppData\Local\Programs\Python\Python311\;C:\Users\ankus\AppData\Local\Microsoft\WindowsApps;C:\Users\ankus\AppData\Local\Programs\Microsoft VS Code\bin;C:\Users\ankus\OneDrive\Desktop\modelsim_ase\win32aloem;C:\Users\ankus\AppData\Roaming\npm;C:\Users\ankus\AppData\Local\Programs\cursor\resources\app\bin;c:\Users\ankus\.vscode\extensions\vscjava.vscode-java-debug-0.59.0\bundled\scripts\noConfigScripts
USERNAME=ankus
LANG=en_US.UTF-8
OS=Windows_NT
PROCESSOR_IDENTIFIER=Intel64 Family 6 Model 154 Stepping 4, GenuineIntel
TMP=C:\Users\ankus\AppData\Local\Temp
TEMP=C:\Users\ankus\AppData\Local\Temp




Periodic native trim disabled

---------------  S Y S T E M  ---------------

OS:
 Windows 11 , 64 bit Build 26100 (10.0.26100.8875)
OS uptime: 4 days 2:45 hours
Hyper-V role detected

CPU: total 12 (initial active 12) (6 cores per cpu, 2 threads per core) family 6 model 154 stepping 4 microcode 0x435, cx8, cmov, fxsr, ht, mmx, 3dnowpref, sse, sse2, sse3, ssse3, sse4.1, sse4.2, popcnt, lzcnt, tsc, tscinvbit, avx, avx2, aes, erms, clmul, bmi1, bmi2, adx, sha, fma, vzeroupper, clflush, clflushopt, clwb, hv, serialize, rdtscp, rdpid, fsrm, f16c, cet_ibt, cet_ss
Processor Information for processor 0
  Max Mhz: 1300, Current Mhz: 1300, Mhz Limit: 1300
Processor Information for processor 1
  Max Mhz: 1300, Current Mhz: 1300, Mhz Limit: 1300
Processor Information for processor 2
  Max Mhz: 1300, Current Mhz: 1300, Mhz Limit: 1300
Processor Information for processor 3
  Max Mhz: 1300, Current Mhz: 1300, Mhz Limit: 1300
Processor Information for processor 4
  Max Mhz: 1300, Current Mhz: 900, Mhz Limit: 897
Processor Information for processor 5
  Max Mhz: 1300, Current Mhz: 900, Mhz Limit: 897
Processor Information for processor 6
  Max Mhz: 1300, Current Mhz: 900, Mhz Limit: 897
Processor Information for processor 7
  Max Mhz: 1300, Current Mhz: 900, Mhz Limit: 897
Processor Information for processor 8
  Max Mhz: 1300, Current Mhz: 900, Mhz Limit: 897
Processor Information for processor 9
  Max Mhz: 1300, Current Mhz: 900, Mhz Limit: 897
Processor Information for processor 10
  Max Mhz: 1300, Current Mhz: 900, Mhz Limit: 897
Processor Information for processor 11
  Max Mhz: 1300, Current Mhz: 900, Mhz Limit: 897

Memory: 4k page, system-wide physical 11972M (340M free)
TotalPageFile size 35524M (AvailPageFile size 16609M)
current process WorkingSet (physical memory assigned to process): 140M, peak: 148M
current process commit charge ("private bytes"): 324M, peak: 334M

vm_info: Java HotSpot(TM) 64-Bit Server VM (22.0.2+9-70) for windows-amd64 JRE (22.0.2+9-70), built on 2024-06-04T16:52:23Z by "mach5one" with MS VC++ 17.6 (VS2022)

END.
